0 0 0 0,Aerodactyl,1,Adamant,King's Rock,AncientPower,DragonBreath,Aerial Ace,Roar,Rock Head / Pressure,170/170/ 0 / 0 / 0 /170,171,Flying Rock,
4 0 0 0,Aerodactyl,2,Adamant,Choice Band,Hyper Beam,Earthquake,Aerial Ace,AncientPower,Rock Head / Pressure,170/170/ 0 / 0 / 0 /170,171,Flying Rock,
4 0 0 0,Aerodactyl,3,Hardy,King's Rock,Double-Edge,Rock Slide,Fire Blast,Dragon Claw,Rock Head / Pressure, 0 /255/ 0 /255/ 0 / 0 ,150,Flying Rock,
4 0 0 0 ,Aerodactyl,4,Hardy,King's Rock,Double-Edge,Earthquake,Fire Blast,Bite,Rock Head / Pressure, 0 /255/ 0 /255/ 0 / 0 ,150,Rock Flying,
0 0 0 0,Aggron,1,Adamant,Quick Claw,Iron Tail,Earthquake,Aerial Ace,Roar,Sturdy / Rock Head,255/255/ 0 / 0 / 0 / 0 ,70,Rock Steel,
4 0 0 2,Aggron,2,Adamant,Scope Lens,Focus Punch,Earthquake,Rock Slide,Thunder Wave,Sturdy / Rock Head,255/255/ 0 / 0 / 0 / 0 ,70,Rock Steel,
0 0 0 0,Aggron,3,Modest,BrightPowder,Surf,Thunder,Fire Blast,Blizzard,Sturdy / Rock Head,255/ 0 / 0 /255/ 0 / 0 ,70,Rock Steel,
4 0 0 0,Aggron,4,Adamant,Quick Claw,Double-Edge,Earthquake,Rock Slide,Aerial Ace,Sturdy / Rock Head,255/255/ 0 / 0 / 0 / 0 ,70,Rock Steel,
0 0 0 2,Alakazam,1,Modest,Focus Band,ThunderPunch,Fire Punch,Ice Punch,Thunder Wave,Synchronize / Inner Focus, 0 / 0 /255/255/ 0 / 0 ,140,Psychic,
0 1 2 3,Alakazam,2,Modest,Lum Berry,Psychic,Calm Mind,Thunder Wave,Recover,Synchronize / Inner Focus, 0 / 0 /255/255/ 0 / 0 ,140,Psychic,
6 2 0 6,Alakazam,3,Modest,Choice Band,Trick,Disable,Psychic,Skill Swap,Synchronize / Inner Focus, 0 / 0 /255/255/ 0 / 0 ,140,Psychic,
0 0 0 0,Alakazam,4,Modest,BrightPowder,Psychic,ThunderPunch,Fire Punch,Ice Punch,Synchronize / Inner Focus, 0 / 0 /255/255/ 0 / 0 ,140,Psychic,
0 0 3 0,Altaria,1,Docile,Cheri Berry,Dragon Claw,Aerial Ace,Refresh,Body Slam,Natural Cure,255/255/ 0 / 0 / 0 / 0 ,100,Dragon Flying,
4 0 0 2,Altaria,2,Bold,Leftovers,Perish Song,DragonBreath,Pursuit,Attract,Natural Cure,170/ 0 /170/ 0 /170/ 0 ,100,Dragon Flying,
2 1 0 0,Altaria,3,Adamant,Lum Berry,Sing,Dragon Dance,Earthquake,Aerial Ace,Natural Cure,255/255/ 0 / 0 / 0 / 0 ,100,Dragon Flying,
0 0 0 0,Altaria,4,Docile,Shell Bell,Dragon Claw,Earthquake,Flamethrower,Ice Beam,Natural Cure, 0 /255/ 0 /255/ 0 / 0 ,100,Dragon Flying,
0 7 2 2,Ampharos,1,Relaxed,Magnet,Thunder,Rain Dance,Thunder Wave,Attract,Static,255/ 0 / 0 /255/ 0 / 0 ,67,Electric,
0 0 4 2,Ampharos,2,Hardy,BrightPowder,ThunderPunch,Fire Punch,Focus Punch,Thunder Wave,Static, 0 /255/ 0 /255/ 0 / 0 ,75,Electric,
0 0 0 0,Ampharos,3,Hardy,Focus Band,Thunderbolt,Mega Kick,Iron Tail,Brick Break,Static, 0 /255/ 0 /255/ 0 / 0 ,75,Electric,
0 0 2 3,Ampharos,4,Modest,Lum Berry,Thunderbolt,Fire Punch,Thunder Wave,Reflect,Static, 0 / 0 /255/255/ 0 / 0 ,75,Electric,
0 0 0 0,Arcanine,1,Adamant,King's Rock,Flamethrower,ExtremeSpeed,Crunch,Body Slam,Intimidate / Flash Fire, 0 /255/ 0 / 0 / 0 /255,147,Fire,
0 7 0 0,Arcanine,2,Docile,Lum Berry,Fire Blast,Sunny Day,Crunch,Roar,Intimidate / Flash Fire, 0 / 0 / 0 /255/ 0 /255,147,Fire,
4 0 0 0,Arcanine,3,Modest,White Herb,Overheat,ExtremeSpeed,Crunch,Aerial Ace,Intimidate / Flash Fire, 0 / 0 / 0 /255/ 0 /255,147,Fire ,
4 0 0 4,Arcanine,4,Docile,White Herb,Overheat,ExtremeSpeed,Crunch,Double-Edge,Intimidate / Flash Fire, 0 / 0 / 0 /255/ 0 /255,147,Fire,
0 0 0 3,Armaldo,1,Adamant,Scope Lens,Slash,Aerial Ace,AncientPower,Protect,Battle Armor,255/255/ 0 / 0 / 0 / 0 ,65,Bug Rock,
0 0 0 5,Armaldo,2,Adamant,Quick Claw,Iron Tail,AncientPower,Brick Break,Knock Off,Battle Armor,255/255/ 0 / 0 / 0 / 0 ,65,Bug Rock,
0 0 0 1,Armaldo,3,Adamant,Quick Claw,Earthquake,Rock Slide,Brick Break,Swords Dance,Battle Armor,255/255/ 0 / 0 / 0 / 0 ,65,Bug Rock,
4 0 0 0,Armaldo,4,Adamant,Choice Band,Double-Edge,Earthquake,Aerial Ace,Rock Slide,Battle Armor,255/255/ 0 / 0 / 0 / 0 ,65,Bug Rock,
0 0 0 0,Articuno,1,Modest,Lum Berry,Ice Beam,Water Pulse,Icy Wind,Roar,Pressure, 0 / 0 / 0 /255/ 0 /255,137,Ice Flying,
6 2 0 1,Articuno,2,Impish,Leftovers,Substitute,Toxic,Blizzard,Double Team,Pressure,170/ 0 /170/ 0 /170/ 0 ,105,Ice Flying,
0 4 0 3,Articuno,3,Docile,BrightPowder,Ice Beam,Facade,Aerial Ace,Protect,Pressure, 0 /255/ 0 /255/ 0 / 0 ,105,Ice Flying,
0 4 3 3,Articuno,4,Docile,Chesto Berry,Blizzard,Double-Edge,Rest,Reflect,Pressure, 0 /255/ 0 /255/ 0 / 0 ,105,Ice Flying,
0 4 1 2,Articuno,5,Docile,Focus Band,Blizzard,Double-Edge,Agility,Swagger,Pressure, 0 /255/ 0 /255/ 0 / 0 ,105,Ice Flying,
0 0 3 3 ,Articuno,6,Docile,Chesto Berry,Ice Beam,Aerial Ace,Reflect,Rest,Pressure, 0 /255/ 0 /255/ 0 / 0 ,105,Ice Flying,
0 7 0 0,Blastoise,1,Modest,Shell Bell,Hydro Pump,Rain Dance,Bite,Seismic Toss,Torrent,255/ 0 / 0 /255/ 0 / 0 ,98,Water,
0 0 0 4,Blastoise,2,Brave,Shell Bell,Hydro Pump,Mega Kick,Brick Break,Mirror Coat,Torrent,170/170/ 0 /170/ 0 / 0 ,88,Water,
0 0 0 4,Blastoise,3,Docile,Focus Band,Surf,Earthquake,Ice Beam,Counter,Torrent,170/170/ 0 /170/ 0 / 0 ,98,Water,
0 0 0 4,Blastoise,4,Docile,Focus Band,Surf,Earthquake,Ice Beam,Mirror Coat,Torrent,170/170/ 0 /170/ 0 / 0 ,98,Water,
0 7 0 0,Blaziken,1,Docile,Quick Claw,Flamethrower,Sunny Day,Double Kick,Roar,Blaze, 0 /255/ 0 /255/ 0 / 0 ,100,Fire Fighting,
0 0 0 0,Blaziken,2,Docile,Scope Lens,Blaze Kick,Mega Kick,ThunderPunch,Brick Break,Blaze, 0 /255/ 0 /255/ 0 / 0 ,100,Fire Fighting,
4 0 3 4,Blaziken,3,Hardy,Salac Berry,Overheat,Earthquake,Endure,Reversal,Blaze, 0 /255/ 0 / 0 / 0 /255,132,Fire Fighting,
4 0 0 0,Blaziken,4,Hardy,White Herb,Overheat,Earthquake,ThunderPunch,Rock Slide,Blaze, 0 /255/ 0 /255/ 0 / 0 ,100,Fire Fighting,
2 1 2 3,Blissey,1,Bold,BrightPowder,Toxic,Double Team,Sing,Softboiled,Natural Cure / Serene Grace, 0 / 0 /255/ 0 /255/ 0 ,75,Normal,
0 2 2 6,Blissey,2,Bold,Leftovers,Seismic Toss,Sing,Attract,Substitute,Natural Cure / Serene Grace, 0 / 0 /255/ 0 /255/ 0 ,75,Normal,
0 0 1 3,Blissey,3,Bold,Focus Band,Fire Blast,Blizzard,Calm Mind,Softboiled,Natural Cure / Serene Grace, 0 / 0 /255/ 0 /255/ 0 ,75,Normal,
0 1 4 3,Blissey,4,Bold,Focus Band,Ice Beam,Calm Mind,Counter,Softboiled,Natural Cure / Serene Grace, 0 / 0 /255/ 0 /255/ 0 ,75,Normal,
0 0 0 4,Breloom,1,Jolly,King's Rock,Sky Uppercut,Mach Punch,Headbutt,Counter,Effect Spore, 0 /255/ 0 / 0 / 0 /255,134,Grass Fighting,
0 2 4 2,Breloom,2,Docile,BrightPowder,Giga Drain,Leech Seed,Focus Punch,Spore,Effect Spore, 0 / 0 / 0 /255/ 0 /255,122,Grass Fighting,
0 4 2 2,Breloom,3,Adamant,Leftovers,Iron Tail,Focus Punch,Attract,Spore,Effect Spore, 0 /255/ 0 / 0 / 0 /255,122,Grass Fighting,
4 0 2 1,Breloom,4,Adamant,Quick Claw,Focus Punch,Sludge Bomb,Spore,Double Team,Effect Spore, 0 /255/ 0 / 0 / 0 /255,122,Grass Fighting,
0 7 0 5,Charizard,1,Modest,Focus Band,Fire Blast,Sunny Day,Roar,Scary Face,Blaze, 0 / 0 / 0 /255/ 0 /255,152,Fire Flying,
0 0 1 5,Charizard,2,Adamant,BrightPowder,Earthquake,Aerial Ace,Dragon Dance,SmokeScreen,Blaze, 0 /255/ 0 / 0 / 0 /255,152,Fire Flying,
0 0 0 0,Charizard,3,Modest,Lum Berry,Flamethrower,Dragon Claw,Bite,Brick Break,Blaze, 0 / 0 / 0 /255/ 0 /255,152,Fire Flying,
4 0 0 0,Charizard,4,Hardy,White Herb,Overheat,Earthquake,Aerial Ace,Rock Slide,Blaze, 0 /170/ 0 /170/ 0 /170,141,Fire Flying,
0 0 2 1,Claydol,1,Adamant,Lum Berry,Earthquake,Rock Slide,Swagger,Psych Up,Levitate,255/255/ 0 / 0 / 0 / 0 ,95,Ground Psychic,
0 0 1 1,Claydol,2,Calm,Leftovers,Psychic,Earthquake,Double Team,Cosmic Power,Levitate,170/ 0 /170/ 0 /170/ 0 ,95,Ground Psychic,
0 0 0 7,Claydol,3,Modest,Shell Bell,Psychic,Ice Beam,SolarBeam,Sunny Day,Levitate,255/ 0 / 0 /255/ 0 / 0 ,95,Ground Psychic,
0 0 0 4,Claydol,4,Adamant,Focus Band,Psychic,Earthquake,Shadow Ball,Explosion,Levitate,255/255/ 0 / 0 / 0 / 0 ,95,Ground Psychic,
6 1 3 6,Clefable,1,Brave,Leftovers,Metronome,Double Team,Reflect,Follow Me,Cute Charm, 0 / 0 /255/ 0 /255/ 0 ,72,Normal,
0 1 1 6,Clefable,2,Adamant,Focus Band,Meteor Mash,Cosmic Power,Double Team,Follow Me,Cute Charm, 0 /255/255/ 0 / 0 / 0 ,80,Normal,
0 0 0 0,Clefable,3,Modest,Lum Berry,Thunderbolt,Ice Beam,Flamethrower,Magical Leaf,Cute Charm, 0 / 0 /255/255/ 0 / 0 ,80,Normal,
0 0 0 3,Clefable,4,Docile,Focus Band,Mega Kick,Psychic,Shadow Ball,Softboiled,Cute Charm, 0 /255/255/ 0 / 0 / 0 ,80,Normal,
0 0 1 2,Cradily,1,Relaxed,Leftovers,Giga Drain,Rock Slide,Barrier,Confuse Ray,Suction Cups,170/ 0 /170/ 0 /170/ 0 ,57,Grass Rock,
0 0 2 1,Cradily,2,Adamant,Sitrus Berry,Earthquake,AncientPower,Swagger,Psych Up,Suction Cups,255/255/ 0 / 0 / 0 / 0 ,63,Grass Rock,
6 0 7 3,Cradily,3,Modest,Leftovers,Substitute,SolarBeam,Sunny Day,Recover,Suction Cups, 0 / 0 /170/170/170/ 0 ,63,Grass Rock,
2 3 4 0,Cradily,4,Bold,Leftovers,Toxic,Ingrain,Mirror Coat,Giga Drain,Suction Cups,170/ 0 /170/ 0 /170/ 0 ,63,Grass Rock,
0 0 0 5,Crobat,1,Quirky,King's Rock,Sludge Bomb,Bite,Astonish,Screech,Inner Focus,170/170/ 0 /170/ 0 / 0 ,150,Flying Poison,
2 0 2 1,Crobat,2,Calm,Leftovers,Toxic,Giga Drain,Confuse Ray,Double Team,Inner Focus,170/ 0 /170/ 0 /170/ 0 ,150,Flying Poison,
0 4 0 5,Crobat,3,Adamant,Scope Lens,Air Cutter,Double-Edge,Shadow Ball,Screech,Inner Focus, 0 /255/ 0 / 0 / 0 /255,182,Flying Poison,
0 0 0 2,Crobat,4,Adamant,BrightPowder,Sludge Bomb,Aerial Ace,Shadow Ball,Confuse Ray,Inner Focus, 0 /255/ 0 / 0 / 0 /255,182,Flying Poison,
0 0 0 0,Dewgong,1,Quiet,NeverMeltIce,Ice Beam,Icy Wind,Headbutt,Fake Out,Thick Fat,255/ 0 / 0 /255/ 0 / 0 ,81,Ice Water,
0 4 2 2,Dewgong,2,Docile,Shell Bell,Blizzard,Double-Edge,Encore,Disable,Thick Fat, 0 /255/ 0 /255/ 0 / 0 ,90,Ice Water,
4 0 0 3,Dewgong,3,Bold,Chesto Berry,Horn Drill,Sheer Cold,Sleep Talk,Rest,Thick Fat,255/ 0 /255/ 0 / 0 / 0 ,90,Ice Water,
0 0 0 0,Dewgong,4,Docile,Lum Berry,Sheer Cold,Ice Beam,Surf,Signal Beam,Thick Fat, 0 /255/ 0 /255/ 0 / 0 ,90,Ice Water,
0 0 0 3,Dodrio,1,Adamant,Chesto Berry,Drill Peck,Tri Attack,Sleep Talk,Rest,Run Away / Early Bird, 0 /255/ 0 / 0 / 0 /255,152,Normal Flying,
0 4 0 3,Dodrio,2,Adamant,King's Rock,Drill Peck,Double-Edge,Faint Attack,Protect,Run Away / Early Bird, 0 /255/ 0 / 0 / 0 /255,152,Normal Flying,
4 0 0 0,Dodrio,3,Adamant,Lum Berry,Double-Edge,Drill Peck,Steel Wing,Faint Attack,Run Away / Early Bird, 0 /255/ 0 / 0 / 0 /255,152,Normal Flying,
4 3 0 4,Dodrio,4,Adamant,Salac Berry,Flail,Endure,Drill Peck,Facade,Run Away / Early Bird, 0 /255/ 0 / 0 / 0 /255,152,Normal Flying,
0 0 2 3,Donphan,1,Adamant,Chesto Berry,Earthquake,AncientPower,Swagger,Rest,Sturdy,255/255/ 0 / 0 / 0 / 0 ,70,Ground,
4 3 0 0,Donphan,2,Jolly,Quick Claw,Flail,Endure,Earthquake,Rock Tomb,Sturdy, 0 /255/ 0 / 0 / 0 /255,112,Ground,
4 0 0 0,Donphan,3,Adamant,Quick Claw,Fissure,Earthquake,Rock Slide,Secret Power,Sturdy,255/255/ 0 / 0 / 0 / 0 ,70,Ground,
4 0 0 0,Donphan,4,Adamant,Quick Claw,Fissure,Earthquake,Rock Slide,Iron Tail,Sturdy,255/255/ 0 / 0 / 0 / 0 ,70,Ground,
0 0 0 1,Dragonite,1,Adamant,BrightPowder,Earthquake,Aerial Ace,Brick Break,Dragon Dance,Inner Focus,170/ 0 /170/ 0 /170/ 0 ,100,Dragon Flying,
0 4 0 1,Dragonite,2,Adamant,BrightPowder,Earthquake,Double-Edge,Aerial Ace,Dragon Dance,Inner Focus,170/ 0 /170/ 0 /170/ 0 ,100,Dragon Flying,
4 2 1 2,Dragonite,3,Adamant,Leftovers,Hyper Beam,Attract,Double Team,Thunder Wave,Inner Focus, 0 /170/170/ 0 /170/ 0 ,100,Dragon Flying,
4 2 1 3,Dragonite,4,Adamant,Chesto Berry,Hyper Beam,Thunder Wave,Dragon Dance,Rest,Inner Focus,170/ 0 /170/ 0 /170/ 0 ,100,Dragon Flying,
0 4 2 0,Dragonite,5,Docile,Lum Berry,Outrage,Double-Edge,Thunder Wave,Roar,Inner Focus, 0 /255/ 0 /255/ 0 / 0 ,100,Dragon Flying,
0 0 0 0,Dragonite,6,Modest,Shell Bell,Dragon Claw,Thunderbolt,Surf,Flamethrower,Inner Focus, 0 / 0 / 0 /255/ 0 /255,132,Dragon Flying,
0 0 0 0,Dragonite,7,Modest,Shell Bell,Dragon Claw,Thunderbolt,Surf,Ice Beam,Inner Focus, 0 / 0 / 0 /255/ 0 /255,132,Dragon Flying,
0 0 0 0,Dragonite,8,Modest,Shell Bell,Dragon Claw,Flamethrower,Ice Beam,Brick Break,Inner Focus, 0 / 0 / 0 /255/ 0 /255,132,Dragon Flying,
0 0 7 0,Dragonite,9,Docile,Quick Claw,Thunder,Surf,Rain Dance,Earthquake,Inner Focus,255/ 0 / 0 /255/ 0 / 0 ,100,Dragon Flying,
0 0 7 0,Dragonite,X,Docile,Quick Claw,Fire Blast,Blizzard,Sunny Day,Earthquake,Inner Focus,255/ 0 / 0 /255/ 0 / 0 ,100,Dragon Flying,
0 0 0 0,Dugtrio,1,Adamant,Soft Sand,Earthquake,Tri Attack,Slash,Sand Tomb,Sand Veil / Arena Trap, 0 /255/ 0 / 0 / 0 /255,172,Ground,
0 0 0 0,Dugtrio,2,Adamant,King's Rock,Earthquake,AncientPower,Aerial Ace,Tri Attack,Sand Veil / Arena Trap, 0 /255/ 0 / 0 / 0 /255,172,Ground,
0 4 0 4,Dugtrio,3,Adamant,King's Rock,Earthquake,Double-Edge,Sludge Bomb,Fissure,Sand Veil / Arena Trap, 0 /255/ 0 / 0 / 0 /255,172,Ground,
0 4 0 4,Dugtrio,4,Adamant,King's Rock,Earthquake,Double-Edge,Rock Slide,Fissure,Sand Veil / Arena Trap, 0 /255/ 0 / 0 / 0 /255,172,Ground ,
2 0 4 2,Dusclops,1,Impish,Leftovers,Will-O-Wisp,Seismic Toss,Pain Split,Confuse Ray,Pressure,170/ 0 /170/ 0 /170/ 0 ,45,Ghost,
2 2 1 3,Dusclops,2,Impish,Leftovers,Toxic,Confuse Ray,Double Team,Protect,Pressure,170/ 0 /170/ 0 /170/ 0 ,45,Ghost,
1 2 0 0,Dusclops,3,Adamant,Leftovers,Psych Up,Swagger,Shadow Ball,Earthquake,Pressure,170/ 0 /170/ 0 /170/ 0 ,45,Ghost,
4 0 6 3,Dusclops,4,Adamant,Chesto Berry,Double-Edge,Shadow Ball,Curse,Rest,Pressure,255/255/ 0 / 0 / 0 / 0 ,45,Ghost,
0 2 0 3,Electabuzz,1,Relaxed,Cheri Berry,Thunderbolt,Thunder Wave,Brick Break,Light Screen,Static,170/ 0 /170/170/ 0 / 0 ,112,Electric,
0 7 2 4,Electabuzz,2,Quirky,Leftovers,Thunder,Rain Dance,Attract,Focus Punch,Static, 0 /170/ 0 /170/ 0 /170,146,Electric,
0 0 0 0,Electabuzz,3,Quirky,Lum Berry,Fire Punch,Ice Punch,Thunderbolt,Cross Chop,Static, 0 / 0 / 0 /255/ 0 /255,157,Electric,
0 0 0 0,Electabuzz,4,Docile,Scope Lens,Thunderbolt,Psychic,Mega Kick,Cross Chop,Static, 0 /255/ 0 /255/ 0 / 0 ,125,Electric,
0 0 3 3,Electrode,1,Quiet,Focus Band,Thunderbolt,Swift,Light Screen,Protect,Soundproof / Static,255/ 0 / 0 /255/ 0 / 0 ,144,Electric,
0 7 1 2,Electrode,2,Modest,BrightPowder,Thunder,Rain Dance,Double Team,Swagger,Soundproof / Static,170/ 0 /170/ 0 /170/ 0 ,160,Electric,
4 0 2 3,Electrode,3,Naughty,Liechi Berry,Explosion,Thunderbolt,Thunder Wave,Endure,Soundproof / Static, 0 /255/ 0 /255/ 0 / 0 ,160,Electric,
4 0 2 4,Electrode,4,Naughty,Lum Berry,Explosion,Thunderbolt,Thunder Wave,Mirror Coat,Soundproof / Static, 0 /255/ 0 /255/ 0 / 0 ,160,Electric,
0 1 1 3,Entei,1,Modest,Chesto Berry,Flamethrower,Double Team,Calm Mind,Rest,Pressure, 0 / 0 / 0 /255/ 0 /255,152,Fire,
0 7 0 3,Entei,2,Modest,BrightPowder,Fire Blast,Sunny Day,SolarBeam,Reflect,Pressure, 0 / 0 / 0 /255/ 0 /255,152,Fire,
0 4 2 1,Entei,3,Docile,Lum Berry,Flamethrower,Double-Edge,Swagger,Psych Up,Pressure, 0 /255/ 0 / 0 / 0 /255,152,Fire,
0 0 1 3,Entei,4,Modest,King's Rock,Flamethrower,Bite,Double Team,Reflect,Pressure, 0 / 0 / 0 /255/ 0 /255,152,Fire,
0 4 3 3,Entei,5,Docile,Salac Berry,Fire Blast,Double-Edge,Endure,Reflect,Pressure, 0 / 0 /255/ 0 /255/ 0 ,120,Fire,
0 1 0 3,Entei,6,Modest,Chesto Berry,Flamethrower,Calm Mind,Roar,Rest,Pressure, 0 / 0 /255/ 0 /255/ 0 ,120,Fire,
0 5 1 3,Espeon,1,Modest,Lum Berry,Psychic,Charm,Calm Mind,Baton Pass,Synchronize, 0 / 0 /170/ 0 /170/170,151,Psychic,
0 0 1 3,Espeon,2,Docile,Chesto Berry,Psychic,Shadow Ball,Calm Mind,Rest,Synchronize, 0 /255/ 0 / 0 / 0 /255,162,Psychic,
0 0 3 3,Espeon,3,Modest,Lum Berry,Psychic,Bite,Wish,Reflect,Synchronize, 0 / 0 / 0 /255/ 0 /255,162,Psychic,
0 0 2 1,Espeon,4,Modest,BrightPowder,Psychic,Bite,Attract,Calm Mind,Synchronize, 0 / 0 / 0 /255/ 0 /255,162,Psychic,
0 7 3 3,Exeggutor,1,Quiet,Quick Claw,SolarBeam,Sunny Day,Synthesis,Light Screen,Chlorophyll, 0 / 0 /255/ 0 /255/ 0 ,67,Grass Psychic,
0 6 2 3,Exeggutor,2,Hardy,Chesto Berry,Return,Curse,Sleep Powder,Rest,Chlorophyll, 0 /255/ 0 / 0 /255/ 0 ,75,Grass Psychic,
2 0 2 4,Exeggutor,3,Hardy,Leftovers,Leech Seed,Giga Drain,Toxic,Explosion,Chlorophyll,170/ 0 /170/ 0 /170/ 0 ,75,Grass Psychic,
0 0 0 4,Exeggutor,4,Hardy,BrightPowder,Psychic,Giga Drain,Sludge Bomb,Explosion,Chlorophyll, 0 /255/ 0 /255/ 0 / 0 ,75,Grass Psychic,
0 0 0 3,Exploud,1,Impish,Chesto Berry,Hyper Voice,Shadow Ball,Sleep Talk,Rest,Soundproof,255/255/ 0 / 0 / 0 / 0 ,88,Normal,
0 7 0 4,Exploud,2,Quirky,Focus Band,SolarBeam,Sunny Day,Earthquake,Counter,Soundproof, 0 /255/ 0 /255/ 0 / 0 ,88,Normal,
4 0 0 0,Exploud,3,Modest,White Herb,Overheat,Ice Beam,ThunderPunch,Extrasensory,Soundproof, 0 / 0 / 0 /255/ 0 /255,120,Normal,
0 0 0 4,Exploud,4,Hardy,White Herb,Mega Kick,Earthquake,Shadow Ball,Overheat,Soundproof, 0 /255/ 0 /255/ 0 / 0 ,88,Normal,
0 0 4 0,Fearow,1,Adamant,Sharp Beak,Drill Peck,Tri Attack,Facade,Mud-Slap,Keen Eye, 0 /255/ 0 / 0 / 0 /255,152,Normal Flying,
0 0 2 0,Fearow,2,Adamant,Focus Band,Drill Peck,Tri Attack,Attract,Pursuit,Keen Eye, 0 /255/ 0 / 0 / 0 /255,152,Normal Flying,
0 0 0 0,Fearow,3,Hardy,Scope Lens,Drill Peck,Return,Steel Wing,Faint Attack,Keen Eye, 0 /255/ 0 / 0 / 0 /255,152,Normal Flying,
0 4 0 4,Fearow,4,Hardy,Lum Berry,Drill Peck,Double-Edge,Steel Wing,Sky Attack,Keen Eye, 0 /255/ 0 /255/ 0 / 0 ,120,Normal Flying,
0 0 0 4,Nidoqueen,1,Adamant,Focus Band,Sludge Bomb,Double Kick,Body Slam,Counter,Poison Point,255/255/ 0 / 0 / 0 / 0 ,96,Ground Poison,
0 0 0 5,Feraligatr,2,Sassy,Quick Claw,Surf,Dragon Claw,Brick Break,Scary Face,Torrent,170/ 0 / 0 /170/170/ 0 ,88,Water,
0 0 0 0,Feraligatr,3,Hardy,Scope Lens,Hydro Pump,Crunch,Earthquake,Rock Slide,Torrent,170/170/ 0 /170/ 0 / 0 ,98,Water,
0 0 0 0,Feraligatr,4,Hardy,Scope Lens,Hydro Pump,Ice Beam,Earthquake,Aerial Ace,Torrent,170/170/ 0 /170/ 0 / 0 ,98,Water,
0 0 0 5,Flareon,1,Modest,Sitrus Berry,Flamethrower,Roar,Bite,Sand-Attack,Flash Fire, 0 / 0 /255/255/ 0 / 0 ,85,Fire,
6 2 4 0,Flareon,2,Relaxed,Quick Claw,Curse,Attract,Double-Edge,Shadow Ball,Flash Fire,170/ 0 /170/ 0 /170/ 0 ,76,Fire,
0 4 3 4,Flareon,3,Jolly,Quick Claw,Shadow Ball,Flail,Endure,Overheat,Flash Fire, 0 /255/ 0 / 0 / 0 /255,128,Fire,
4 7 4 0,Flareon,4,Quiet,Quick Claw,Overheat,Sunny Day,Double-Edge,Shadow Ball,Flash Fire, 0 /255/ 0 /255/ 0 / 0 ,76,Fire,
0 0 0 4,Flygon,1,Adamant,BrightPowder,Earthquake,Steel Wing,Faint Attack,Facade,Levitate, 0 /255/ 0 / 0 / 0 /255,152,Dragon Ground,
0 0 0 7,Flygon,2,Modest,BrightPowder,SolarBeam,Fire Blast,Crunch,Sunny Day,Levitate, 0 / 0 / 0 /255/ 0 /255,152,Dragon Ground,
0 0 0 0,Flygon,3,Hardy,Scope Lens,Earthquake,Dragon Claw,Flamethrower,Giga Drain,Levitate, 0 /170/ 0 /170/ 0 /170,141,Dragon Ground,
0 0 4 0,Flygon,4,Hardy,Scope Lens,Earthquake,Dragon Claw,Double-Edge,Crunch,Levitate, 0 /170/ 0 /170/ 0 /170,141,Dragon Ground,
4 0 3 2,Forretress,1,Adamant,Focus Band,Double-Edge,Rock Slide,Light Screen,Spikes,Sturdy, 0 /255/ 0 / 0 /255/ 0 ,60,Bug Steel,
0 4 4 3,Forretress,2,Adamant,Lum Berry,Earthquake,Double-Edge,Counter,Protect,Sturdy, 0 /255/ 0 / 0 /255/ 0 ,60,Bug Steel,
4 0 0 0,Forretress,3,Quiet,Focus Band,Explosion,Earthquake,Giga Drain,Zap Cannon,Sturdy, 0 /170/ 0 /170/170/ 0 ,54,Bug Steel,
4 0 0 4,Forretress,4,Adamant,Quick Claw,Explosion,Earthquake,Rock Slide,Double-Edge,Sturdy, 0 /255/ 0 / 0 /255/ 0 ,60,Bug Steel,
0 2 0 3,Gardevoir,1,Timid,Leftovers,Dream Eater,Hypnosis,Magical Leaf,Reflect,Synchronize / Trace,170/ 0 /170/ 0 / 0 /170,133,Psychic,
0 1 1 3,Gardevoir,2,Modest,Chesto Berry,Psychic,Calm Mind,Double Team,Rest,Synchronize / Trace,255/ 0 /255/ 0 / 0 / 0 ,100,Psychic,
0 0 0 0,Gardevoir,3,Modest,Lum Berry,Psychic,Ice Punch,Fire Punch,Magical Leaf,Synchronize / Trace, 0 / 0 / 0 /255/ 0 /255,132,Psychic,
0 0 0 0,Gardevoir,4,Modest,BrightPowder,Psychic,Thunderbolt,Ice Punch,Fire Punch,Synchronize / Trace, 0 / 0 / 0 /255/ 0 /255,132,Psychic,
0 0 3 4,Gardevoir,5,Docile,Salac Berry,Psychic,Shadow Ball,Endure,Destiny Bond,Synchronize / Trace,170/ 0 /170/ 0 / 0 /170,121,Psychic,
0 0 2 4,Gardevoir,6,Timid,Lum Berry,Psychic,Thunderbolt,Will-O-Wisp,Destiny Bond,Synchronize / Trace,255/ 0 / 0 / 0 / 0 /255,145,Psychic,
0 1 2 4,Gardevoir,7,Bold,Quick Claw,Psychic,Calm Mind,Will-O-Wisp,Destiny Bond,Synchronize / Trace,170/ 0 /170/ 0 /170/ 0 ,100,Psychic,
0 0 2 1,Gardevoir,8,Modest,BrightPowder,Psychic,Magical Leaf,Attract,Double Team,Synchronize / Trace, 0 / 0 / 0 /255/ 0 /255,132,Psychic,
0 2 2 2,Gengar,1,Timid,Leftovers,Dream Eater,Hypnosis,Confuse Ray,Attract,Levitate,170/ 0 / 0 /170/ 0 /170,166,Ghost Poison,
0 0 2 2,Gengar,2,Adamant,Leftovers,Sludge Bomb,Shadow Ball,Confuse Ray,Will-O-Wisp,Levitate, 0 /255/ 0 / 0 / 0 /255,162,Ghost Poison,
0 0 0 6,Gengar,3,Modest,Quick Claw,Psychic,Thunderbolt,Giga Drain,Skill Swap,Levitate, 0 / 0 / 0 /255/ 0 /255,162,Ghost Poison,
0 0 0 4,Gengar,4,Modest,Lum Berry,Psychic,Fire Punch,Ice Punch,Destiny Bond,Levitate, 0 / 0 / 0 /255/ 0 /255,162,Ghost Poison,
0 0 0 0,Gengar,5,Modest,BrightPowder,Psychic,Shadow Ball,Thunderbolt,Fire Punch,Levitate, 0 / 0 / 0 /255/ 0 /255,162,Ghost Poison,
0 0 0 0,Gengar,6,Modest,BrightPowder,Psychic,Shadow Ball,Thunderbolt,Ice Punch,Levitate, 0 / 0 / 0 /255/ 0 /255,162,Ghost Poison,
0 0 0 4,Gengar,7,Modest,Lum Berry,Psychic,Thunderbolt,Fire Punch,Destiny Bond,Levitate, 0 / 0 / 0 /255/ 0 /255,162,Ghost Poison,
0 0 0 4,Gengar,8,Modest,Lum Berry,Psychic,Thunderbolt,Ice Punch,Destiny Bond,Levitate, 0 / 0 / 0 /255/ 0 /255,162,Ghost Poison,
0 0 7 3,Glalie,1,Modest,Petaya Berry,Ice Beam,Crunch,Hail,Protect,Inner Focus,255/ 0 / 0 /255/ 0 / 0 ,100,Ice,
4 3 0 0,Glalie,2,Quirky,Salac Berry,Explosion,Endure,Body Slam,Icy Wind,Inner Focus, 0 /255/ 0 / 0 / 0 /255,132,Ice,
0 0 4 0,Glalie,3,Hardy,Shell Bell,Blizzard,Earthquake,Double-Edge,Shadow Ball,Inner Focus, 0 /170/ 0 /170/ 0 /170,121,Ice,
0 0 0 0,Glalie,4,Hardy,Leftovers,Ice Beam,Earthquake,Crunch,Shadow Ball,Inner Focus,170/170/ 0 /170/ 0 / 0 ,100,Ice,
0 0 1 3,Whiscash,1,Adamant,Chesto Berry,Earthquake,Rock Slide,Amnesia,Rest,Oblivious,255/255/ 0 / 0 / 0 / 0 ,80,Ground Water,
0 0 2 1,Golduck,2,Quirky,Lum Berry,Cross Chop,Surf,Swagger,Psych Up,Damp / Cloud Nine, 0 /170/ 0 /170/ 0 /170,126,Water,
0 0 0 3,Golduck,3,Docile,Shell Bell,Hydro Pump,Cross Chop,Blizzard,Protect,Damp / Cloud Nine, 0 /255/ 0 /255/ 0 / 0 ,105,Water,
0 0 0 0,Golduck,4,Docile,Scope Lens,Surf,Cross Chop,Ice Beam,Aerial Ace,Damp / Cloud Nine, 0 /255/ 0 / 0 / 0 /255,137,Water,
0 0 4 0,Golem,1,Adamant,Quick Claw,Earthquake,Body Slam,Counter,Rock Tomb,Rock Head / Sturdy, 0 /255/ 0 / 0 /255/ 0 ,65,Ground Rock,
4 6 1 3,Golem,2,Adamant,Chesto Berry,Focus Punch,Substitute,Double Team,Rest,Rock Head / Sturdy,255/255/ 0 / 0 / 0 / 0 ,65,Ground Rock,
4 0 0 0,Golem,3,Adamant,Quick Claw,Explosion,Earthquake,Flamethrower,Brick Break,Rock Head / Sturdy, 0 /255/ 0 / 0 /255/ 0 ,65,Ground Rock,
4 0 0 4,Golem,4,Adamant,Quick Claw,Explosion,Earthquake,Rock Slide,Double-Edge,Rock Head / Sturdy, 0 /255/ 0 / 0 /255/ 0 ,65,Ground Rock,
0 0 2 0,Granbull,1,Adamant,Cheri Berry,Mega Kick,SmellingSalt,Thunder Wave,Roar,Intimidate,255/255/ 0 / 0 / 0 / 0 ,65,Normal,
4 0 0 4,Granbull,2,Quiet,White Herb,Overheat,Thunderbolt,Ice Punch,Facade,Intimidate, 0 / 0 / 0 /255/255/ 0 ,58,Normal,
4 0 0 0,Granbull,3,Adamant,Quick Claw,Double-Edge,Earthquake,Sludge Bomb,Rock Slide,Intimidate,255/255/ 0 / 0 / 0 / 0 ,65,Normal,
0 0 0 0 ,Granbull,4,Brave,Choice Band,Mega Kick,Earthquake,Crunch,Shadow Ball,Intimidate, 0 /255/ 0 /255/ 0 / 0 ,58,Normal,
0 0 2 1,Gyarados,1,Careful,Lum Berry,Return,Bite,Thunder Wave,Dragon Dance,Intimidate,255/ 0 / 0 / 0 /255/ 0 ,101,Flying Water,
0 0 0 0,Gyarados,2,Modest,Shell Bell,Hydro Pump,Thunderbolt,Fire Blast,Blizzard,Intimidate, 0 / 0 / 0 /255/ 0 /255,133,Flying Water,
0 0 7 0,Gyarados,3,Quirky,Quick Claw,Surf,Thunder,Rain Dance,Earthquake,Intimidate, 0 /255/ 0 /255/ 0 / 0 ,101,Flying Water,
0 0 1 3,Gyarados,4,Adamant,Chesto Berry,Return,Earthquake,Dragon Dance,Rest,Intimidate,170/ 0 /170/ 0 /170/ 0 ,101,Flying Water,
0 0 4 0,Hariyama,1,Adamant,Focus Band,Cross Chop,Rock Slide,Counter,Fake Out,Thick Fat / Guts,170/ 0 /170/ 0 /170/ 0 ,70,Fighting,
0 0 0 0,Hariyama,2,Quiet,Quick Claw,Cross Chop,Fire Punch,Ice Punch,ThunderPunch,Thick Fat / Guts, 0 /255/ 0 /255/ 0 / 0 ,63,Fighting,
0 0 0 4,Hariyama,3,Adamant,Quick Claw,Cross Chop,Earthquake,Rock Slide,Facade,Thick Fat / Guts,255/255/ 0 / 0 / 0 / 0 ,70,Fighting,
0 0 0 0,Hariyama,4,Adamant,Scope Lens,Cross Chop,Earthquake,Rock Slide,Fake Out,Thick Fat / Guts,255/255/ 0 / 0 / 0 / 0 ,70,Fighting,
0 0 0 4,Heracross,1,Adamant,Focus Band,Megahorn,Brick Break,Rock Tomb,Counter,Swarm / Guts, 0 /255/255/ 0 / 0 / 0 ,105,Bug Fighting,
0 0 2 1,Heracross,2,Jolly,Lum Berry,Megahorn,Earthquake,Attract,Bulk Up,Swarm / Guts,255/ 0 / 0 / 0 / 0 /255,150,Bug Fighting,
0 0 0 0,Heracross,3,Adamant,BrightPowder,Megahorn,Earthquake,Rock Slide,Brick Break,Swarm / Guts, 0 /255/ 0 / 0 / 0 /255,137,Bug Fighting,
0 0 4 3,Heracross,4,Adamant,Salac Berry,Megahorn,Earthquake,Reversal,Endure,Swarm / Guts, 0 /255/ 0 / 0 / 0 /255,137,Bug Fighting,
0 0 4 2,Houndoom,1,Quirky,Focus Band,Flamethrower,Shadow Ball,Counter,Will-O-Wisp,Early Bird / Flash Fire, 0 /170/ 0 /170/ 0 /170,136,Dark Fire,
0 0 0 3,Houndoom,2,Modest,Lum Berry,Fire Blast,Crunch,Roar,Rest,Early Bird / Flash Fire, 0 / 0 / 0 /255/ 0 /255,147,Dark Fire,
4 0 0 4,Houndoom,3,Quirky,White Herb,Overheat,Shadow Ball,Sludge Bomb,Double-Edge,Early Bird / Flash Fire, 0 /255/ 0 / 0 / 0 /255,147,Dark Fire,
4 0 0 7,Houndoom,4,Modest,White Herb,Overheat,SolarBeam,Crunch,Sunny Day,Early Bird / Flash Fire, 0 / 0 / 0 /255/ 0 /255,147,Dark Fire,
0 0 0 2,Hypno,1,Quiet,TwistedSpoon,ThunderPunch,Fire Punch,Ice Punch,Hypnosis,Insomnia, 0 / 0 /255/255/ 0 / 0 ,78,Psychic,
2 0 0 0,Hypno,2,Modest,TwistedSpoon,Hypnosis,Nightmare,Dream Eater,Psychic,Insomnia, 0 / 0 /255/ 0 /255/ 0 ,87,Psychic,
1 2 0 0,Hypno,3,Adamant,Lum Berry,Psych Up,Swagger,Mega Kick,Shadow Ball,Insomnia,255/255/ 0 / 0 / 0 / 0 ,87,Psychic,
0 0 0 0,Hypno,4,Modest,Lum Berry,Psychic,ThunderPunch,Fire Punch,Ice Punch,Insomnia,255/ 0 / 0 /255/ 0 / 0 ,87,Psychic,
0 2 2 3,Jolteon,1,Modest,Cheri Berry,Thunderbolt,Thunder Wave,Attract,Protect,Volt Absorb, 0 / 0 / 0 /255/ 0 /255,182,Electric,
0 0 0 0,Jolteon,2,Hardy,Scope Lens,Thunderbolt,Dig,Double Kick,Roar,Volt Absorb, 0 /255/ 0 /255/ 0 / 0 ,150,Electric,
0 2 1 3,Jolteon,3,Bold,BrightPowder,Thunderbolt,Thunder Wave,Agility,Baton Pass,Volt Absorb,170/ 0 /170/ 0 /170/ 0 ,150,Electric,
0 2 0 0,Jolteon,4,Timid,King's Rock,Thunderbolt,Thunder Wave,Bite,Shadow Ball,Volt Absorb, 0 / 0 / 0 /255/ 0 /255,200,Electric,
0 0 2 2,Jynx,1,Modest,Shell Bell,Ice Beam,Fake Out,Lovely Kiss,Attract,Oblivious,255/ 0 / 0 /255/ 0 / 0 ,115,Ice Psychic,
4 2 2 3,Jynx,2,Impish,BrightPowder,Perish Song,Mean Look,Lovely Kiss,Protect,Oblivious,255/ 0 /255/ 0 / 0 / 0 ,115,Ice Psychic,
0 2 2 6,Jynx,3,Hardy,Quick Claw,Dream Eater,Lovely Kiss,Attract,Substitute,Oblivious,255/ 0 /255/ 0 / 0 / 0 ,115,Ice Psychic,
0 0 2 5,Jynx,4,Modest,Lum Berry,Psychic,Ice Beam,Lovely Kiss,Fake Tears,Oblivious,255/ 0 / 0 /255/ 0 / 0 ,115,Ice Psychic,
0 0 4 0,Kangaskhan,1,Adamant,Focus Band,Dizzy Punch,Brick Break,Counter,Fake Out,Early Bird,255/255/ 0 / 0 / 0 / 0 ,110,Normal,
0 0 2 3,Kangaskhan,2,Adamant,Lum Berry,Crush Claw,Shadow Ball,Attract,Rest,Early Bird,255/255/ 0 / 0 / 0 / 0 ,110,Normal,
4 3 0 0,Kangaskhan,3,Jolly,Salac Berry,Reversal,Endure,Thunderbolt,Earthquake,Early Bird, 0 /255/ 0 / 0 / 0 /255,156,Normal,
0 0 0 0,Kangaskhan,4,Adamant,BrightPowder,Mega Kick,Earthquake,Aerial Ace,Shadow Ball,Early Bird, 0 /255/ 0 / 0 / 0 /255,142,Normal,
0 0 0 2,Kingdra,1,Modest,Lum Berry,Hydro Pump,DragonBreath,Icy Wind,Attract,Swift Swim,255/ 0 / 0 /255/ 0 / 0 ,105,Dragon Water,
0 0 0 3,Kingdra,2,Modest,Chesto Berry,Surf,Ice Beam,DragonBreath,Rest,Swift Swim,170/ 0 /170/ 0 /170/ 0 ,105,Dragon Water,
4 0 1 3,Kingdra,3,Adamant,Salac Berry,Flail,Hydro Pump,Dragon Dance,Endure,Swift Swim,170/ 0 /170/ 0 /170/ 0 ,105,Dragon Water,
4 0 1 3,Kingdra,4,Hardy,Chesto Berry,Double-Edge,Ice Beam,Dragon Dance,Rest,Swift Swim,170/ 0 /170/ 0 /170/ 0 ,105,Dragon Water,
0 2 2 2,Lanturn,1,Quiet,Cheri Berry,Surf,Confuse Ray,Attract,Thunder Wave,Volt Absorb / Illuminate, 0 / 0 /255/255/ 0 / 0 ,78,Electric Water,
4 3 0 0,Lanturn,2,Docile,Salac Berry,Flail,Endure,Thunderbolt,Surf,Volt Absorb / Illuminate, 0 /255/ 0 /255/ 0 / 0 ,87,Electric Water,
0 0 2 7,Lanturn,3,Modest,BrightPowder,Hydro Pump,Thunder,Confuse Ray,Rain Dance,Volt Absorb / Illuminate, 0 / 0 / 0 /255/ 0 /255,119,Electric Water,
0 0 0 2,Lanturn,4,Modest,Lum Berry,Surf,Thunderbolt,Ice Beam,Confuse Ray,Volt Absorb / Illuminate, 0 / 0 / 0 /255/ 0 /255,119,Electric Water,
0 2 2 2,Lapras,1,Bold,Leftovers,Surf,Attract,Confuse Ray,Sing,Water Absorb / Shell Armor, 0 / 0 /255/ 0 /255/ 0 ,80,Ice Water,
0 0 0 0,Lapras,2,Timid,Quick Claw,Surf,Ice Beam,Body Slam,Roar,Water Absorb / Shell Armor, 0 / 0 / 0 /255/ 0 /255,123,Ice Water,
4 0 2 1,Lapras,3,Docile,BrightPowder,Double-Edge,Psychic,Confuse Ray,Dragon Dance,Water Absorb / Shell Armor,170/ 0 /170/ 0 /170/ 0 ,80,Ice Water,
0 0 0 0,Lapras,4,Modest,Lum Berry,Surf,Ice Beam,Thunderbolt,Psychic,Water Absorb / Shell Armor,255/ 0 / 0 /255/ 0 / 0 ,80,Ice Water,
0 0 0 4,Lapras,5,Docile,Shell Bell,Psychic,Thunderbolt,Iron Tail,Double-Edge,Water Absorb / Shell Armor, 0 /255/ 0 /255/ 0 / 0 ,80,Ice Water,
0 0 7 0,Lapras,6,Modest,BrightPowder,Hydro Pump,Thunder,Rain Dance,Blizzard,Water Absorb / Shell Armor,255/ 0 / 0 /255/ 0 / 0 ,80,Ice Water,
0 4 3 0,Lapras,7,Calm,Leppa Berry,Sheer Cold,Horn Drill,Rest,Sleep Talk,Water Absorb / Shell Armor,170/ 0 /170/ 0 /170/ 0 ,80,Ice Water,
0 4 2 2,Lapras,8,Calm,Quick Claw,Sheer Cold,Horn Drill,Sing,Attract,Water Absorb / Shell Armor,170/ 0 /170/ 0 /170/ 0 ,80,Ice Water,
0 0 0 0,Latias,1,Modest,Lum Berry,Psychic,Thunderbolt,Ice Beam,Dragon Claw,Levitate,255/ 0 / 0 /255/ 0 / 0 ,130,Dragon Psychic,
0 0 0 0,Latias,2,Docile,Quick Claw,Psychic,Thunderbolt,Ice Beam,Earthquake,Levitate, 0 /255/ 0 /255/ 0 / 0 ,130,Dragon Psychic,
0 0 0 0,Latias,3,Docile,Focus Band,Dragon Claw,Thunderbolt,Ice Beam,Earthquake,Levitate, 0 /255/ 0 /255/ 0 / 0 ,130,Dragon Psychic,
0 0 5 3,Latias,4,Docile,Leftovers,Mist Ball,Shadow Ball,Charm,Reflect,Levitate,170/170/ 0 /170/ 0 / 0 ,130,Dragon Psychic,
0 2 1 3,Latias,5,Modest,BrightPowder,Dragon Claw,Thunder Wave,Calm Mind,Recover,Levitate,170/ 0 /170/ 0 /170/ 0 ,130,Dragon Psychic,
0 0 2 2,Latias,6,Modest,Shell Bell,Mist Ball,Dragon Claw,Attract,Thunder Wave,Levitate,255/ 0 / 0 /255/ 0 / 0 ,130,Dragon Psychic,
0 0 2 1,Latias,7,Adamant,Leftovers,Earthquake,Shadow Ball,Swagger,Psych Up,Levitate,255/ 0 /255/ 0 / 0 / 0 ,130,Dragon Psychic,
0 0 0 0,Latias,8,Docile,King's Rock,Psychic,Shadow Ball,Earthquake,Aerial Ace,Levitate, 0 /170/ 0 /170/ 0 /170,151,Dragon Psychic,
0 0 0 0,Latios,1,Modest,Lum Berry,Psychic,Thunderbolt,Ice Beam,Dragon Claw,Levitate,255/ 0 / 0 /255/ 0 / 0 ,130,Dragon Psychic,
0 0 0 0,Latios,2,Docile,Quick Claw,Psychic,Thunderbolt,Ice Beam,Earthquake,Levitate, 0 /255/ 0 /255/ 0 / 0 ,130,Dragon Psychic,
0 0 0 0,Latios,3,Docile,Focus Band,Dragon Claw,Thunderbolt,Ice Beam,Earthquake,Levitate, 0 /255/ 0 /255/ 0 / 0 ,130,Dragon Psychic,
0 0 0 0,Latios,4,Modest,Lum Berry,Luster Purge,Thunderbolt,Ice Beam,Dragon Claw,Levitate,255/ 0 / 0 /255/ 0 / 0 ,130,Dragon Psychic,
0 2 1 3,Latios,5,Modest,BrightPowder,Dragon Claw,Thunder Wave,Calm Mind,Recover,Levitate,170/ 0 /170/ 0 /170/ 0 ,130,Dragon Psychic,
0 0 0 2,Latios,6,Docile,Shell Bell,Luster Purge,Shadow Ball,Dragon Claw,Thunder Wave,Levitate, 0 /255/ 0 /255/ 0 / 0 ,130,Dragon Psychic,
0 0 1 3,Latios,7,Adamant,BrightPowder,Earthquake,Shadow Ball,Dragon Dance,Recover,Levitate,255/ 0 /255/ 0 / 0 / 0 ,130,Dragon Psychic,
0 0 0 0,Latios,8,Docile,King's Rock,Psychic,Shadow Ball,Earthquake,Aerial Ace,Levitate, 0 /170/ 0 /170/ 0 /170,151,Dragon Psychic,
0 7 0 0 ,Ludicolo,1,Quiet,Shell Bell,Surf,Rain Dance,ThunderPunch,Fire Punch,Swift Swim / Rain Dish,170/ 0 /170/170/ 0 / 0 ,81,Grass Water,
0 0 0 0,Ludicolo,2,Modest,Shell Bell,Surf,Ice Beam,ThunderPunch,Fire Punch,Swift Swim / Rain Dish,255/ 0 / 0 /255/ 0 / 0 ,90,Grass Water,
2 7 1 0,Ludicolo,3,Bold,Leftovers,Leech Seed,Rain Dance,Double Team,Giga Drain,Swift Swim / Rain Dish,170/ 0 /170/ 0 /170/ 0 ,90,Grass Water,
2 7 1 2,Ludicolo,4,Bold,Leftovers,Leech Seed,Rain Dance,Double Team,Toxic,Swift Swim / Rain Dish,170/ 0 /170/ 0 /170/ 0 ,90,Grass Water,
0 0 4 5,Machamp,1,Adamant,Scope Lens,Cross Chop,Rock Slide,Counter,Scary Face,Guts,255/255/ 0 / 0 / 0 / 0 ,75,Fighting,
0 0 1 3,Machamp,2,Adamant,Chesto Berry,Cross Chop,Earthquake,Bulk Up,Rest,Guts,170/ 0 /170/ 0 /170/ 0 ,75,Fighting,
0 0 0 0,Machamp,3,Hardy,Quick Claw,Cross Chop,Fire Blast,ThunderPunch,Ice Punch,Guts, 0 /255/ 0 /255/ 0 / 0 ,75,Fighting,
0 0 0 0,Machamp,4,Hardy,Scope Lens,Cross Chop,Earthquake,Flamethrower,Rock Slide,Guts, 0 /255/ 0 /255/ 0 / 0 ,75,Fighting ,
0 4 0 0,Machamp,5,Adamant,Scope Lens,Cross Chop,Double-Edge,Earthquake,Rock Slide,Guts,255/255/ 0 / 0 / 0 / 0 ,75,Fighting,
0 0 4 0,Machamp,6,Adamant,Focus Band,Cross Chop,Earthquake,Counter,Rock Tomb,Guts,255/255/ 0 / 0 / 0 / 0 ,75,Fighting,
4 6 2 1,Machamp,7,Adamant,BrightPowder,Focus Punch,Substitute,Attract,Double Team,Guts,255/255/ 0 / 0 / 0 / 0 ,75,Fighting,
4 0 4 4,Machamp,8,Adamant,Focus Band,Revenge,Rock Slide,Facade,Counter,Guts,255/255/ 0 / 0 / 0 / 0 ,75,Fighting,
0 5 0 1,Magmar,1,Relaxed,Rawst Berry,Flamethrower,SmokeScreen,Brick Break,Barrier,Flame Body,170/ 0 /170/170/ 0 / 0 ,102,Fire,
0 5 0 2,Magmar,2,Modest,Quick Claw,Fire Blast,SmokeScreen,ThunderPunch,Confuse Ray,Flame Body, 0 / 0 / 0 /255/ 0 /255,145,Fire,
0 0 0 4,Magmar,3,Impish,Scope Lens,Mega Kick,Cross Chop,Iron Tail,Counter,Flame Body, 0 /255/255/ 0 / 0 / 0 ,113,Fire,
0 0 0 2,Magmar,4,Docile,Scope Lens,Flamethrower,Psychic,Cross Chop,Confuse Ray,Flame Body,255/ 0 /255/ 0 / 0 / 0 ,113,Fire,
0 5 0 0,Manectric,1,Modest,Magnet,Thunderbolt,Flash,Quick Attack,Roar,Static / Lightningrod, 0 / 0 / 0 /255/ 0 /255,157,Electric,
0 7 0 0,Manectric,2,Modest,Petaya Berry,Thunder,Rain Dance,Crunch,Roar,Static / Lightningrod, 0 / 0 / 0 /255/ 0 /255,157,Electric,
0 0 2 0,Manectric,3,Quirky,Lum Berry,Thunderbolt,Iron Tail,Thunder Wave,Roar,Static / Lightningrod, 0 / 0 / 0 /255/ 0 /255,157,Electric,
0 0 2 0,Manectric,4,Modest,Lum Berry,Thunderbolt,Crunch,Thunder Wave,Roar,Static / Lightningrod, 0 / 0 / 0 /255/ 0 /255,157,Electric,
0 0 0 0,Marowak,1,Adamant,Thick Club,Bonemerang,Rock Slide,Icy Wind,Headbutt,Rock Head / Lightningrod,255/255/ 0 / 0 / 0 / 0 ,65,Ground,
0 0 1 0,Marowak,2,Adamant,Thick Club,Earthquake,Rock Slide,Swords Dance,Icy Wind,Rock Head / Lightningrod, 0 /255/ 0 / 0 / 0 /255,97,Ground,
0 0 1 0,Marowak,3,Adamant,Thick Club,Earthquake,Rock Slide,Swords Dance,Brick Break,Rock Head / Lightningrod, 0 /255/ 0 / 0 / 0 /255,97,Ground,
0 0 1 0,Marowak,4,Adamant,Thick Club,Earthquake,Rock Slide,Swords Dance,Mega Kick,Rock Head / Lightningrod, 0 /255/ 0 / 0 / 0 /255,97,Ground,
0 0 1 3,Medicham,1,Docile,Focus Band,Psychic,Hi Jump Kick,Calm Mind,Baton Pass,Pure Power, 0 /255/ 0 / 0 / 0 /255,132,Fighting Psychic,
4 3 0 0,Medicham,2,Hardy,Salac Berry,Reversal,Endure,Psychic,Fake Out,Pure Power, 0 /255/ 0 / 0 / 0 /255,132,Fighting Psychic,
0 0 0 0,Medicham,3,Hardy,Scope Lens,DynamicPunch,ThunderPunch,Ice Punch,Fire Punch,Pure Power, 0 / 0 / 0 /255/ 0 /255,132,Fighting Psychic,
0 0 0 0,Medicham,4,Hardy,Lum Berry,Mega Kick,Psychic,Shadow Ball,Rock Slide,Pure Power, 0 /255/ 0 /255/ 0 / 0 ,100,Fighting Psychic,
0 7 3 3,Meganium,1,Modest,BrightPowder,SolarBeam,Sunny Day,Light Screen,Synthesis,Overgrow,255/ 0 / 0 /255/ 0 / 0 ,100,Grass,
2 6 1 2,Meganium,2,Calm,Leftovers,Leech Seed,Substitute,Double Team,GrassWhistle,Overgrow,170/ 0 /170/ 0 /170/ 0 ,100,Grass,
0 4 3 0,Meganium,3,Jolly,Salac Berry,Earthquake,Flail,Endure,Giga Drain,Overgrow, 0 /255/ 0 / 0 / 0 /255,145,Grass,
0 0 0 0,Meganium,4,Hardy,BrightPowder,Giga Drain,Earthquake,AncientPower,Body Slam,Overgrow,170/170/ 0 /170/ 0 / 0 ,100,Grass,
0 0 4 3,Metagross,1,Adamant,Leftovers,Meteor Mash,Aerial Ace,Facade,Light Screen,Clear Body, 0 /170/ 0 / 0 /170/170,111,Psychic Steel,
0 0 1 2,Metagross,2,Adamant,Lum Berry,Earthquake,Meteor Mash,Psych Up,Swagger,Clear Body,170/ 0 / 0 / 0 /170/170,111,Psychic Steel,
0 0 1 3,Metagross,3,Adamant,Chesto Berry,Earthquake,Meteor Mash,Double Team,Rest,Clear Body,170/170/ 0 / 0 / 0 /170,111,Psychic Steel,
0 0 0 0,Metagross,4,Hardy,Quick Claw,Meteor Mash,Psychic,Earthquake,Shadow Ball,Clear Body, 0 /255/ 0 /255/ 0 / 0 ,90,Psychic Steel,
4 0 0 0,Metagross,5,Jolly,Quick Claw,Explosion,Earthquake,Rock Slide,Brick Break,Clear Body,170/170/ 0 / 0 / 0 /170,122,Psychic Steel,
0 0 0 0,Metagross,6,Hardy,BrightPowder,Meteor Mash,Psychic,Ice Punch,ThunderPunch,Clear Body, 0 /255/ 0 /255/ 0 / 0 ,90,Psychic Steel,
0 0 0 0,Metagross,7,Hardy,Shell Bell,Earthquake,Shadow Ball,Ice Punch,ThunderPunch,Clear Body, 0 /255/ 0 /255/ 0 / 0 ,90,Psychic Steel,
0 0 0 4,Metagross,8,Adamant,Quick Claw,Meteor Mash,Earthquake,Brick Break,Explosion,Clear Body,170/170/ 0 / 0 / 0 /170,111,Psychic Steel,
0 0 3 4,Milotic,1,Modest,Lum Berry,Hydro Pump,Icy Wind,Recover,Mirror Coat,Marvel Scale,170/ 0 /170/170/ 0 / 0 ,101,Water,
0 0 3 4,Milotic,2,Modest,Focus Band,Surf,Ice Beam,Safeguard,Mirror Coat,Marvel Scale,255/ 0 / 0 /255/ 0 / 0 ,101,Water,
0 0 2 3,Milotic,3,Bold,Leftovers,Surf,Blizzard,Attract,Recover,Marvel Scale,170/ 0 /170/ 0 /170/ 0 ,101,Water,
0 0 3 4,Milotic,4,Modest,Leftovers,Surf,Ice Beam,Recover,Mirror Coat,Marvel Scale, 0 / 0 /170/170/170/ 0 ,101,Water,
4 0 4 3,Miltank,1,Careful,Focus Band,Facade,Shadow Ball,Counter,Milk Drink,Thick Fat,170/ 0 /170/ 0 /170/ 0 ,120,Normal,
4 0 2 2,Miltank,2,Careful,Leftovers,Focus Punch,Shadow Ball,Attract,Thunder Wave,Thick Fat,170/170/ 0 / 0 /170/ 0 ,120,Normal,
4 3 0 0,Miltank,3,Adamant,Salac Berry,Reversal,Endure,Earthquake,Shadow Ball,Thick Fat, 0 /255/ 0 / 0 /255/ 0 ,120,Normal,
4 6 1 3,Miltank,4,Adamant,Lum Berry,Double-Edge,Curse,Double Team,Milk Drink,Thick Fat, 0 /255/ 0 / 0 /255/ 0 ,120,Normal,
4 0 2 2,Misdreavus,1,Impish,Focus Band,Pain Split,Shadow Ball,Confuse Ray,Thunder Wave,Levitate,255/ 0 /255/ 0 / 0 / 0 ,105,Ghost,
0 2 2 2,Misdreavus,2,Bold,Leftovers,Psychic,Attract,Thunder Wave,Confuse Ray,Levitate, 0 / 0 /255/255/ 0 / 0 ,105,Ghost,
4 2 2 2,Misdreavus,3,Bold,BrightPowder,Perish Song,Mean Look,Thunder Wave,Confuse Ray,Levitate,255/ 0 /255/ 0 / 0 / 0 ,105,Ghost,
4 0 0 0,Misdreavus,4,Timid,Lum Berry,Destiny Bond,Psychic,Shadow Ball,Thunderbolt,Levitate, 0 / 0 / 0 /255/ 0 /255,150,Ghost,
0 0 0 0,Moltres,1,Docile,Lum Berry,Flamethrower,Aerial Ace,Mud-Slap,Roar,Pressure, 0 /255/ 0 /255/ 0 / 0 ,110,Fire Flying,
4 0 1 3,Moltres,2,Hardy,White Herb,Overheat,Aerial Ace,Double Team,Protect,Pressure, 0 /255/ 0 /255/ 0 / 0 ,110,Fire Flying,
0 7 1 3,Moltres,3,Modest,Chesto Berry,Fire Blast,Sunny Day,Double Team,Rest,Pressure, 0 / 0 / 0 /255/ 0 /255,142,Fire Flying,
4 4 0 3,Moltres,4,Quiet,White Herb,Overheat,Double-Edge,Steel Wing,Safeguard,Pressure, 0 /255/ 0 /255/ 0 / 0 ,99,Fire Flying,
4 7 2 4,Moltres,5,Docile,White Herb,Overheat,Sunny Day,Swagger,Facade,Pressure, 0 / 0 / 0 /255/ 0 /255,142,Fire Flying,
4 4 0 0,Moltres,6,Docile,White Herb,Overheat,Double-Edge,Aerial Ace,Steel Wing,Pressure, 0 /255/ 0 /255/ 0 / 0 ,110,Fire Flying,
0 0 0 3,Mr. Mime,1,Relaxed,Leftovers,Psychic,Magical Leaf,Fake Out,Reflect,Soundproof,255/ 0 /255/ 0 / 0 / 0 ,99,Psychic,
3 2 1 0,Mr. Mime,2,Adamant,Liechi Berry,Baton Pass,Swagger,Psych Up,Psychic,Soundproof,170/ 0 /170/ 0 /170/ 0 ,110,Psychic,
6 2 0 0,Mr. Mime,3,Modest,Choice Band,Trick,Torment,Psychic,Thunderbolt,Soundproof,255/ 0 / 0 /255/ 0 / 0 ,110,Psychic,
0 0 0 0,Mr. Mime,4,Modest,BrightPowder,Psychic,Thunderbolt,Ice Punch,Fire Punch,Soundproof,255/ 0 / 0 /255/ 0 / 0 ,110,Psychic,
0 0 5 1,Muk,1,Adamant,Poison Barb,Sludge Bomb,Body Slam,Screech,Minimize,Stench / Sticky Hold,255/255/ 0 / 0 / 0 / 0 ,70,Poison,
6 3 0 0,Muk,2,Hardy,Chesto Berry,Curse,Rest,Sludge Bomb,DynamicPunch,Stench / Sticky Hold, 0 /255/255/ 0 / 0 / 0 ,70,Poison,
0 0 0 0,Muk,3,Quiet,Lum Berry,Sludge Bomb,Thunderbolt,Flamethrower,Ice Punch,Stench / Sticky Hold, 0 / 0 /255/255/ 0 / 0 ,63,Poison,
0 0 0 4,Muk,4,Brave,Quick Claw,Sludge Bomb,Brick Break,Giga Drain,Explosion,Stench / Sticky Hold, 0 /255/255/ 0 / 0 / 0 ,63,Poison,
4 0 0 4,Nidoking,1,Adamant,Quick Claw,Horn Drill,Double Kick,Body Slam,Counter,Poison Point,255/255/ 0 / 0 / 0 / 0 ,105,Ground Poison,
0 0 0 0,Nidoking,2,Adamant,Shell Bell,Mega Kick,Earthquake,Shadow Ball,Brick Break,Poison Point,255/255/ 0 / 0 / 0 / 0 ,105,Ground Poison,
4 0 0 0,Nidoking,3,Modest,Leppa Berry,Horn Drill,Fire Blast,Blizzard,Surf,Poison Point,255/ 0 / 0 /255/ 0 / 0 ,105,Ground Poison,
0 0 0 0,Nidoking,4,Docile,Lum Berry,Megahorn,Sludge Bomb,Earthquake,Thunder,Poison Point, 0 /255/ 0 /255/ 0 / 0 ,105,Ground Poison,
0 7 0 0,Feraligatr,1,Quiet,Lum Berry,Surf,Rain Dance,Aerial Ace,Roar,Torrent,170/ 0 / 0 /170/170/ 0 ,88,Water,
4 0 0 0,Nidoqueen,2,Adamant,Shell Bell,Double-Edge,Earthquake,Aerial Ace,Rock Slide,Poison Point,255/255/ 0 / 0 / 0 / 0 ,96,Ground Poison ,
0 0 0 0,Nidoqueen,3,Modest,Lum Berry,Thunderbolt,Flamethrower,Ice Beam,Crunch,Poison Point,255/ 0 / 0 /255/ 0 / 0 ,96,Ground Poison,
0 0 0 0,Nidoqueen,4,Adamant,White Herb,Superpower,Sludge Bomb,Earthquake,Shadow Ball,Poison Point,255/255/ 0 / 0 / 0 / 0 ,96,Ground Poison,
0 0 2 2,Ninetales,1,Modest,Rawst Berry,Flamethrower,Roar,Confuse Ray,Will-O-Wisp,Flash Fire, 0 / 0 / 0 /255/ 0 /255,152,Fire,
0 0 4 7,Ninetales,2,Quirky,Lum Berry,Heat Wave,Body Slam,Grudge,Sunny Day,Flash Fire, 0 / 0 / 0 /255/ 0 /255,152,Fire,
0 0 2 2,Ninetales,3,Quirky,BrightPowder,Fire Blast,Iron Tail,Confuse Ray,Attract,Flash Fire, 0 / 0 / 0 /255/ 0 /255,152,Fire,
4 4 2 2,Ninetales,4,Quirky,White Herb,Overheat,Double-Edge,Confuse Ray,Will-O-Wisp,Flash Fire, 0 / 0 / 0 /255/ 0 /255,152,Fire,
0 0 0 3,Porygon2,1,Adamant,Leftovers,Tri Attack,Aerial Ace,Shadow Ball,Recover,Trace,255/255/ 0 / 0 / 0 / 0 ,80,Normal,
0 7 2 3,Porygon2,2,Modest,Lum Berry,SolarBeam,Sunny Day,Thunder Wave,Recover,Trace,255/ 0 / 0 /255/ 0 / 0 ,80,Normal,
0 0 2 3,Porygon2,3,Modest,Lum Berry,Psychic,Tri Attack,Thunder Wave,Recover,Trace,255/ 0 / 0 /255/ 0 / 0 ,80,Normal,
0 0 0 3,Porygon2,4,Modest,BrightPowder,Psychic,Thunderbolt,Ice Beam,Recover,Trace,255/ 0 / 0 /255/ 0 / 0 ,80,Normal,
0 0 4 0,Quagsire,1,Adamant,Focus Band,Earthquake,Brick Break,Counter,Mud-Slap,Damp / Water Absorb, 0 /255/ 0 / 0 /255/ 0 ,55,Ground Water,
6 2 2 0,Quagsire,2,Sassy,Leftovers,Curse,Attract,Yawn,AncientPower,Damp / Water Absorb, 0 / 0 /255/ 0 /255/ 0 ,49,Ground Water,
0 0 4 6,Quagsire,3,Adamant,Quick Claw,Earthquake,Sludge Bomb,Double-Edge,Curse,Damp / Water Absorb, 0 /255/ 0 / 0 /255/ 0 ,55,Ground Water,
0 0 0 1,Quagsire,4,Sassy,Leftovers,Surf,Earthquake,Ice Beam,Amnesia,Damp / Water Absorb, 0 /170/ 0 /170/170/ 0 ,49,Ground Water,
0 0 3 1,Raichu,1,Modest,BrightPowder,Thunderbolt,Quick Attack,Light Screen,Double Team,Static, 0 / 0 /170/170/ 0 /170,141,Electric,
0 4 3 1,Raichu,2,Adamant,Lum Berry,Thunderbolt,Reversal,Endure,Agility,Static, 0 /255/ 0 / 0 / 0 /255,152,Electric,
0 7 0 2,Raichu,3,Docile,Cheri Berry,Thunder,Rain Dance,Iron Tail,Attract,Static, 0 / 0 / 0 /255/ 0 /255,152,Electric,
0 2 3 0,Raichu,4,Docile,BrightPowder,Thunderbolt,Thunder Wave,Protect,Mega Kick,Static, 0 /255/ 0 /255/ 0 / 0 ,120,Electric,
0 2 1 3,Raikou,1,Modest,Chesto Berry,Thunderbolt,Thunder Wave,Calm Mind,Rest,Pressure, 0 / 0 / 0 /255/ 0 /255,167,Electric,
0 7 1 3,Raikou,2,Modest,BrightPowder,Thunder,Rain Dance,Double Team,Reflect,Pressure, 0 / 0 / 0 /255/ 0 /255,167,Electric,
0 2 0 0 ,Raikou,3,Modest,King's Rock,Thunderbolt,Thunder Wave,Quick Attack,Roar,Pressure, 0 / 0 / 0 /255/ 0 /255,167,Electric,
0 0 2 3,Raikou,4,Modest,Lum Berry,Thunderbolt,Bite,Thunder Wave,Reflect,Pressure, 0 / 0 / 0 /255/ 0 /255,167,Electric,
0 4 0 3,Raikou,5,Modest,BrightPowder,Thunderbolt,Double-Edge,Roar,Reflect,Pressure, 0 / 0 / 0 /255/ 0 /255,167,Electric,
0 1 6 3,Raikou,6,Modest,Chesto Berry,Thunderbolt,Calm Mind,Substitute,Rest,Pressure,255/ 0 /255/ 0 / 0 / 0 ,135,Electric,
0 0 0 3,Rapidash,1,Quiet,Charcoal,Flamethrower,Double Kick,Quick Attack,Protect,Run Away / Flash Fire, 0 / 0 / 0 /255/ 0 /255,141,Fire,
0 0 1 2,Rapidash,2,Docile,Leftovers,Fire Blast,Bounce,Double Team,Attract,Run Away / Flash Fire, 0 /170/ 0 /170/ 0 /170,146,Fire,
4 0 7 2,Rapidash,3,Modest,White Herb,Overheat,SolarBeam,Sunny Day,Hypnosis,Run Away / Flash Fire,170/ 0 / 0 /170/ 0 /170,146,Fire,
4 4 0 0,Rapidash,4,Docile,White Herb,Overheat,Double-Edge,Iron Tail,Double Kick,Run Away / Flash Fire, 0 /170/ 0 /170/ 0 /170,146,Fire,
0 0 1 3,Regice,1,Modest,Chesto Berry,Ice Beam,Thunderbolt,Amnesia,Rest,Clear Body,255/ 0 / 0 /255/ 0 / 0 ,70,Ice,
0 7 0 0,Regice,2,Quiet,BrightPowder,Thunder,Rain Dance,Blizzard,Brick Break,Clear Body,255/ 0 / 0 /255/ 0 / 0 ,63,Ice,
0 0 2 4,Regice,3,Quiet,Lum Berry,Ice Beam,Thunderbolt,Thunder Wave,Explosion,Clear Body,255/ 0 / 0 /255/ 0 / 0 ,63,Ice,
0 7 1 2,Regice,4,Bold,Leftovers,Ice Beam,Hail,Double Team,Thunder Wave,Clear Body,255/ 0 /255/ 0 / 0 / 0 ,70,Ice,
0 0 6 4,Regice,5,Brave,Leftovers,Earthquake,Ice Beam,Curse,Counter,Clear Body,170/ 0 /170/170/ 0 / 0 ,63,Ice,
0 0 0 3,Regice,6,Modest,Chesto Berry,Ice Beam,Thunderbolt,Sleep Talk,Rest,Clear Body,255/ 0 / 0 /255/ 0 / 0 ,70,Ice,
0 0 0 4,Regirock,1,Adamant,White Herb,Superpower,Earthquake,Rock Slide,Explosion,Clear Body,255/255/ 0 / 0 / 0 / 0 ,70,Rock,
0 0 4 4,Regirock,2,Adamant,Quick Claw,Earthquake,Rock Slide,Counter,Explosion,Clear Body,255/255/ 0 / 0 / 0 / 0 ,70,Rock,
0 0 6 3,Regirock,3,Adamant,Chesto Berry,Rock Slide,Earthquake,Curse,Rest,Clear Body,255/ 0 / 0 / 0 /255/ 0 ,70,Rock,
0 0 1 2,Regirock,4,Careful,Leftovers,Rock Slide,Brick Break,Double Team,Thunder Wave,Clear Body,170/170/ 0 / 0 /170/ 0 ,70,Rock,
4 4 0 1,Regirock,5,Adamant,Quick Claw,Hyper Beam,Focus Punch,Rock Slide,Double Team,Clear Body,255/255/ 0 / 0 / 0 / 0 ,70,Rock,
2 1 0 4,Regirock,6,Adamant,BrightPowder,Swagger,Psych Up,Rock Slide,Explosion,Clear Body,255/ 0 / 0 / 0 /255/ 0 ,70,Rock,
0 6 1 3,Registeel,1,Adamant,Chesto Berry,Metal Claw,Curse,Amnesia,Rest,Clear Body,255/255/ 0 / 0 / 0 / 0 ,70,Steel,
0 0 0 0,Registeel,2,Quiet,BrightPowder,Thunderbolt,Ice Punch,Earthquake,Aerial Ace,Clear Body,170/170/ 0 /170/ 0 / 0 ,63,Steel,
0 1 4 4,Registeel,3,Adamant,Quick Claw,AncientPower,Amnesia,Counter,Explosion,Clear Body,170/ 0 /170/ 0 /170/ 0 ,70,Steel,
0 0 1 2,Registeel,4,Impish,Leftovers,AncientPower,Earthquake,Double Team,Thunder Wave,Clear Body,170/ 0 /170/ 0 /170/ 0 ,70,Steel,
4 6 2 1,Registeel,5,Adamant,Leftovers,Focus Punch,Substitute,Toxic,Double Team,Clear Body,170/ 0 /170/ 0 /170/ 0 ,70,Steel,
0 0 2 1,Registeel,6,Adamant,White Herb,Superpower,Aerial Ace,Swagger,Psych Up,Clear Body,170/ 0 /170/ 0 /170/ 0 ,70,Steel,
0 0 5 0,Rhydon,1,Adamant,Quick Claw,Earthquake,Rock Tomb,Scary Face,Brick Break,Lightningrod / Rock Head,170/170/ 0 / 0 /170/ 0 ,60,Ground Rock,
0 4 0 0,Rhydon,2,Adamant,Quick Claw,Earthquake,Horn Drill,Rock Slide,Brick Break,Lightningrod / Rock Head, 0 /255/ 0 / 0 /255/ 0 ,60,Ground Rock,
0 0 0 4,Rhydon,3,Adamant,Quick Claw,Megahorn,Crush Claw,Earthquake,Horn Drill,Lightningrod / Rock Head,255/255/ 0 / 0 / 0 / 0 ,60,Ground Rock,
0 0 0 4,Rhydon,4,Adamant,Quick Claw,Megahorn,Earthquake,Rock Slide,Horn Drill,Lightningrod / Rock Head,255/255/ 0 / 0 / 0 / 0 ,60,Ground Rock,
0 0 0 0,Salamence,1,Hardy,King's Rock,Dragon Claw,Aerial Ace,Headbutt,Rock Slide,Intimidate, 0 /255/ 0 / 0 / 0 /255,152,Dragon Flying,
4 0 2 3,Salamence,2,Hardy,Leftovers,Double-Edge,Crunch,Swagger,Protect,Intimidate, 0 /170/ 0 /170/ 0 /170,141,Dragon Flying,
4 0 0 3 ,Salamence,3,Hardy,Salac Berry,Double-Edge,Earthquake,Crunch,Endure,Intimidate, 0 /255/ 0 /255/ 0 / 0 ,120,Dragon Flying,
4 0 0 1,Salamence,4,Adamant,BrightPowder,Double-Edge,Earthquake,Aerial Ace,Dragon Dance,Intimidate,255/255/ 0 / 0 / 0 / 0 ,120,Dragon Flying,
4 0 0 1,Salamence,5,Adamant,BrightPowder,Facade,Earthquake,Rock Slide,Dragon Dance,Intimidate,170/ 0 /170/ 0 /170/ 0 ,120,Dragon Flying,
0 0 0 1,Salamence,6,Hardy,Lum Berry,Headbutt,Aerial Ace,Crunch,Dragon Dance,Intimidate,170/ 0 /170/ 0 /170/ 0 ,120,Dragon Flying,
0 0 0 0,Salamence,7,Modest,Lum Berry,Flamethrower,Dragon Claw,Crunch,Brick Break,Intimidate, 0 / 0 / 0 /255/ 0 /255,152,Dragon Flying,
0 0 0 2,Salamence,8,Modest,Leftovers,Flamethrower,Dragon Claw,Crunch,Attract,Intimidate, 0 / 0 / 0 /255/ 0 /255,152,Dragon Flying,
0 2 0 3,Sceptile,1,Modest,Leftovers,Leaf Blade,Leech Seed,Aerial Ace,Detect,Overgrow, 0 / 0 / 0 /255/ 0 /255,172,Grass,
0 0 2 1,Sceptile,2,Modest,Lum Berry,Leaf Blade,ThunderPunch,Attract,Double Team,Overgrow, 0 / 0 / 0 /255/ 0 /255,172,Grass,
0 0 0 0,Sceptile,3,Docile,Scope Lens,Leaf Blade,Earthquake,Crush Claw,Aerial Ace,Overgrow, 0 /170/ 0 /170/ 0 /170,161,Grass,
0 0 0 0,Sceptile,4,Modest,BrightPowder,Leaf Blade,Dragon Claw,Crunch,ThunderPunch,Overgrow, 0 / 0 / 0 /255/ 0 /255,172,Grass,
0 0 4 0,Scizor,1,Adamant,Focus Band,Metal Claw,Aerial Ace,Counter,Quick Attack,Swarm, 0 /255/ 0 / 0 /255/ 0 ,85,Bug Steel,
0 0 1 3,Scizor,2,Adamant,Quick Claw,Silver Wind,Steel Wing,Swords Dance,Light Screen,Swarm, 0 /255/ 0 / 0 /255/ 0 ,85,Bug Steel,
4 3 1 0,Scizor,3,Careful,Focus Band,Reversal,Endure,Agility,Slash,Swarm, 0 /255/ 0 / 0 /255/ 0 ,85,Bug Steel,
0 1 1 3,Scizor,4,Careful,BrightPowder,Silver Wind,Swords Dance,Agility,Baton Pass,Swarm,255/ 0 / 0 / 0 /255/ 0 ,85,Bug Steel,
0 0 0 0,Shiftry,1,Quiet,Miracle Seed,Giga Drain,Faint Attack,Quick Attack,Fake Out,Chlorophyll / Early Bird, 0 / 0 /170/170/170/ 0 ,90,Dark Grass,
2 0 1 3,Shiftry,2,Impish,Chesto Berry,Leech Seed,Dig,Double Team,Rest,Chlorophyll / Early Bird, 0 / 0 /255/ 0 /255/ 0 ,100,Dark Grass,
0 7 4 3,Shiftry,3,Quirky,Focus Band,SolarBeam,Sunny Day,Explosion,Synthesis,Chlorophyll / Early Bird, 0 /255/ 0 /255/ 0 / 0 ,100,Dark Grass,
4 0 0 0,Shiftry,4,Hardy,Focus Band,Explosion,Giga Drain,Mega Kick,Fake Out,Chlorophyll / Early Bird, 0 /255/ 0 /255/ 0 / 0 ,100,Dark Grass,
0 1 0 3,Shuckle,1,Brave,Chesto Berry,Rollout,Defense Curl,Sleep Talk,Rest,Sturdy, 0 / 0 /255/ 0 /255/ 0 ,22,Bug Rock,
7 0 5 1,Shuckle,2,Careful,Leftovers,Sandstorm,Dig,Flash,Double Team,Sturdy, 0 / 0 /255/ 0 /255/ 0 ,25,Bug Rock,
6 2 2 1,Shuckle,3,Careful,Leftovers,Substitute,Attract,Toxic,Double Team,Sturdy, 0 / 0 /255/ 0 /255/ 0 ,25,Bug Rock,
2 1 0 3,Shuckle,4,Careful,Chesto Berry,Toxic,Double Team,Wrap,Rest,Sturdy, 0 / 0 /255/ 0 /255/ 0 ,25,Bug Rock,
0 0 4 1,Skarmory,1,Adamant,Scope Lens,Steel Wing,Air Cutter,Counter,Agility,Keen Eye / Sturdy,170/170/ 0 / 0 /170/ 0 ,90,Flying Steel,
2 0 0 2,Skarmory,2,Careful,BrightPowder,Spikes,Roar,Drill Peck,Toxic,Keen Eye / Sturdy,170/170/ 0 / 0 /170/ 0 ,90,Flying Steel,
2 6 3 0,Skarmory,3,Careful,Chesto Berry,Toxic,Curse,Rest,Fly,Keen Eye / Sturdy,255/ 0 / 0 / 0 /255/ 0 ,90,Flying Steel ,
0 0 4 0 ,Skarmory,4,Adamant,Quick Claw,Drill Peck,Steel Wing,Counter,Rock Slide,Keen Eye / Sturdy,255/255/ 0 / 0 / 0 / 0 ,90,Flying Steel,
2 1 2 0,Slaking,1,Adamant,Scope Lens,Yawn,Bulk Up,Swagger,Aerial Ace,Truant,170/ 0 /170/ 0 /170/ 0 ,120,Normal,
0 0 2 1,Slaking,2,Adamant,Leftovers,Mega Kick,Shadow Ball,Yawn,Amnesia,Truant, 0 / 0 /255/ 0 /255/ 0 ,120,Normal,
0 0 0 0,Slaking,3,Adamant,Choice Band,Earthquake,Shadow Ball,Aerial Ace,Brick Break,Truant, 0 / 0 /255/ 0 /255/ 0 ,120,Normal,
0 0 0 2,Slaking,4,Modest,Lum Berry,Thunderbolt,Flamethrower,Ice Beam,Yawn,Truant, 0 / 0 / 0 /255/255/ 0 ,120,Normal,
0 7 0 0,Slowbro,1,Quiet,Shell Bell,Surf,Rain Dance,Headbutt,Ice Punch,Oblivious / Own Tempo,255/ 0 / 0 / 0 /255/ 0 ,45,Psychic Water,
0 0 1 2,Slowbro,2,Modest,Leftovers,Surf,Ice Beam,Calm Mind,Yawn,Oblivious / Own Tempo, 0 /255/ 0 / 0 /255/ 0 ,50,Psychic Water,
0 0 0 2,Slowbro,3,Quiet,Quick Claw,Surf,Psychic,Shadow Ball,Attract,Oblivious / Own Tempo, 0 / 0 / 0 /255/255/ 0 ,45,Psychic Water,
0 0 0 0,Slowbro,4,Sassy,Quick Claw,Psychic,Surf,Earthquake,Ice Beam,Oblivious / Own Tempo, 0 / 0 / 0 /255/255/ 0 ,45,Psychic Water,
0 0 1 2,Slowking,1,Quiet,Leftovers,Psychic,Brick Break,Amnesia,Attract,Oblivious / Own Tempo,255/ 0 /255/ 0 / 0 / 0 ,45,Psychic Water,
2 2 0 0,Slowking,2,Modest,Shell Bell,Yawn,Thunder Wave,Surf,Psychic,Oblivious / Own Tempo, 0 / 0 /255/255/ 0 / 0 ,50,Psychic Water,
0 0 0 0,Slowking,3,Quiet,Quick Claw,Psychic,Surf,Ice Beam,Earthquake,Oblivious / Own Tempo, 0 /170/170/170/ 0 / 0 ,45,Psychic Water,
0 0 0 0,Slowking,4,Modest,Quick Claw,Psychic,Surf,Ice Beam,Flamethrower,Oblivious / Own Tempo, 0 / 0 /255/255/ 0 / 0 ,50,Psychic Water,
4 0 2 1,Snorlax,1,Adamant,Leftovers,Facade,Shadow Ball,Attract,Double Team,Immunity / Thick Fat, 0 /255/255/ 0 / 0 / 0 ,50,Normal,
0 0 6 3,Snorlax,2,Adamant,Chesto Berry,Earthquake,Rock Slide,Curse,Rest,Immunity / Thick Fat,170/ 0 /170/ 0 /170/ 0 ,50,Normal,
0 0 2 1,Snorlax,3,Adamant,Quick Claw,Mega Kick,Shadow Ball,Swagger,Psych Up,Immunity / Thick Fat, 0 / 0 /255/ 0 /255/ 0 ,50,Normal,
4 0 0 6,Snorlax,4,Adamant,Quick Claw,Double-Edge,Shadow Ball,Brick Break,Curse,Immunity / Thick Fat, 0 /255/255/ 0 / 0 / 0 ,50,Normal,
0 0 0 4,Snorlax,5,Adamant,Quick Claw,Mega Kick,Shadow Ball,Brick Break,Counter,Immunity / Thick Fat, 0 /255/255/ 0 / 0 / 0 ,50,Normal,
0 0 0 4,Snorlax,6,Adamant,Leftovers,Earthquake,Shadow Ball,Brick Break,Counter,Immunity / Thick Fat, 0 /255/255/ 0 / 0 / 0 ,50,Normal,
4 0 0 6,Snorlax,7,Adamant,Quick Claw,Hyper Beam,Shadow Ball,Earthquake,Curse,Immunity / Thick Fat,170/ 0 /170/ 0 /170/ 0 ,50,Normal,
0 0 1 3,Snorlax,8,Adamant,Chesto Berry,Return,Shadow Ball,Belly Drum,Rest,Immunity / Thick Fat,170/ 0 /170/ 0 /170/ 0 ,50,Normal,
0 2 2 3,Starmie,1,Modest,Shell Bell,Psychic,Confuse Ray,Thunder Wave,Recover,Illuminate / Natural Cure,255/ 0 / 0 /255/ 0 / 0 ,135,Psychic Water,
0 0 7 3,Starmie,2,Modest,Shell Bell,Hydro Pump,Thunder,Rain Dance,Recover,Illuminate / Natural Cure,170/ 0 /170/ 0 /170/ 0 ,135,Psychic Water,
0 0 0 0,Starmie,3,Modest,Lum Berry,Surf,Psychic,Thunderbolt,Ice Beam,Illuminate / Natural Cure, 0 / 0 / 0 /255/ 0 /255,167,Psychic Water,
0 0 0 3,Starmie,4,Modest,Lum Berry,Psychic,Thunderbolt,Ice Beam,Recover,Illuminate / Natural Cure, 0 / 0 / 0 /255/ 0 /255,167,Psychic Water,
0 0 3 3,Starmie,5,Modest,Lum Berry,Surf,Psychic,Recover,Light Screen,Illuminate / Natural Cure, 0 / 0 / 0 /255/ 0 /255,167,Psychic Water,
0 2 2 3,Starmie,6,Calm,Leftovers,Surf,Confuse Ray,Thunder Wave,Recover,Illuminate / Natural Cure,170/ 0 /170/ 0 /170/ 0 ,135,Psychic Water,
0 0 1 3,Starmie,7,Modest,BrightPowder,Psychic,Ice Beam,Cosmic Power,Recover,Illuminate / Natural Cure, 0 / 0 / 0 /255/ 0 /255,167,Psychic Water,
0 0 1 3,Starmie,8,Modest,BrightPowder,Surf,Thunderbolt,Cosmic Power,Recover,Illuminate / Natural Cure, 0 / 0 / 0 /255/ 0 /255,167,Psychic Water,
0 0 0 0,Steelix,1,Adamant,Sitrus Berry,Earthquake,DragonBreath,Rock Tomb,Roar,Rock Head / Sturdy, 0 /255/ 0 / 0 /255/ 0 ,50,Ground Steel,
0 0 7 2,Steelix,2,Hardy,Leftovers,Earthquake,DragonBreath,Sandstorm,Block,Rock Head / Sturdy, 0 /255/ 0 / 0 /255/ 0 ,50,Ground Steel,
0 0 0 4,Steelix,3,Adamant,Quick Claw,Earthquake,Body Slam,Rock Slide,Explosion,Rock Head / Sturdy, 0 /255/ 0 / 0 /255/ 0 ,50,Ground Steel,
0 0 4 4,Steelix,4,Adamant,Quick Claw,Earthquake,Iron Tail,Double-Edge,Explosion,Rock Head / Sturdy, 0 /255/ 0 / 0 /255/ 0 ,50,Ground Steel,
0 1 1 3,Suicune,1,Modest,Chesto Berry,Surf,Double Team,Calm Mind,Rest,Pressure, 0 / 0 / 0 /255/ 0 /255,137,Water,
2 0 1 3,Suicune,2,Calm,Leftovers,Toxic,Dive,Double Team,Protect,Pressure,170/ 0 /170/ 0 /170/ 0 ,105,Water,
0 0 7 0,Suicune,3,Modest,Lum Berry,Surf,Ice Beam,Rain Dance,Roar,Pressure, 0 / 0 / 0 /255/ 0 /255,137,Water,
0 0 0 3,Suicune,4,Modest,BrightPowder,Surf,Ice Beam,Bite,Reflect,Pressure, 0 / 0 / 0 /255/ 0 /255,137,Water,
0 0 1 0,Suicune,5,Modest,Lum Berry,Surf,Ice Beam,Calm Mind,Icy Wind,Pressure,255/ 0 / 0 /255/ 0 / 0 ,105,Water,
0 0 1 3,Suicune,6,Modest,Chesto Berry,Surf,Ice Beam,Calm Mind,Rest,Pressure,170/ 0 /170/ 0 /170/ 0 ,105,Water,
0 4 3 6,Swampert,1,Adamant,Lum Berry,Earthquake,Counter,Rest,Curse,Torrent,170/ 0 /170/ 0 /170/ 0 ,80,Ground Water,
0 0 4 4,Swampert,2,Docile,Quick Claw,Surf,Earthquake,Counter,Mirror Coat,Torrent,170/ 0 /170/ 0 /170/ 0 ,80,Ground Water,
0 0 0 4,Swampert,3,Brave,Shell Bell,Surf,Earthquake,Ice Beam,Counter,Torrent, 0 /255/ 0 /255/ 0 / 0 ,72,Ground Water,
0 0 0 4,Swampert,4,Quiet,Shell Bell,Surf,Earthquake,Ice Beam,Mirror Coat,Torrent, 0 /255/ 0 /255/ 0 / 0 ,72,Ground Water,
0 0 2 4,Tauros,1,Adamant,Persim Berry,Earthquake,Thrash,Swagger,Facade,Intimidate, 0 /255/ 0 / 0 / 0 /255,162,Normal,
4 0 1 3,Tauros,2,Adamant,Chesto Berry,Double-Edge,Earthquake,Double Team,Rest,Intimidate,255/255/ 0 / 0 / 0 / 0 ,130,Normal,
4 0 0 0,Tauros,3,Docile,Leftovers,Double-Edge,Earthquake,Flamethrower,Ice Beam,Intimidate, 0 /255/ 0 /255/ 0 / 0 ,130,Normal,
4 0 0 0,Tauros,4,Docile,BrightPowder,Double-Edge,Rock Tomb,Thunderbolt,Surf,Intimidate, 0 /255/ 0 /255/ 0 / 0 ,130,Normal,
0 0 1 2,Tentacruel,1,Impish,Persim Berry,Sludge Bomb,Icy Wind,Barrier,Confuse Ray,Clear Body / Liquid Ooze, 0 /255/255/ 0 / 0 / 0 ,120,Poison Water,
2 0 2 0,Tentacruel,2,Hardy,Leftovers,Toxic,Giga Drain,Confuse Ray,Surf,Clear Body / Liquid Ooze,170/ 0 /170/170/ 0 / 0 ,120,Poison Water,
0 0 0 4,Tentacruel,3,Modest,Shell Bell,Surf,Giga Drain,Ice Beam,Mirror Coat,Clear Body / Liquid Ooze, 0 / 0 /170/170/ 0 /170,141,Poison Water,
0 0 0 4,Tentacruel,4,Quirky,Shell Bell,Hydro Pump,Sludge Bomb,Ice Beam,Mirror Coat,Clear Body / Liquid Ooze, 0 /170/170/170/ 0 / 0 ,120,Poison Water,
0 7 5 0,Typhlosion,1,Modest,Focus Band,Fire Blast,Sunny Day,SmokeScreen,Roar,Blaze, 0 / 0 / 0 /255/ 0 /255,152,Fire,
0 0 0 0,Typhlosion,2,Hardy,Scope Lens,Flamethrower,ThunderPunch,Aerial Ace,Rock Slide,Blaze, 0 /170/ 0 /170/ 0 /170,141,Fire,
0 4 3 4,Typhlosion,3,Adamant,Salac Berry,Earthquake,Overheat,Endure,Reversal,Blaze, 0 /255/ 0 / 0 / 0 /255,152,Fire,
4 0 0 0,Typhlosion,4,Hardy,White Herb,Overheat,ThunderPunch,Earthquake,Crush Claw,Blaze, 0 /170/ 0 /170/ 0 /170,141,Fire,
0 0 0 0,Tyranitar,1,Hardy,BrightPowder,Earthquake,Aerial Ace,Thunderbolt,Surf,Sand Stream, 0 /255/ 0 /255/ 0 / 0 ,81,Dark Rock,
0 0 0 0,Tyranitar,2,Hardy,BrightPowder,Earthquake,Rock Slide,Crunch,Thunderbolt,Sand Stream, 0 /255/ 0 /255/ 0 / 0 ,81,Dark Rock,
0 0 4 1,Tyranitar,3,Adamant,Focus Band,Earthquake,Rock Slide,Counter,Dragon Dance,Sand Stream,170/ 0 /170/ 0 /170/ 0 ,81,Dark Rock,
0 0 0 0 ,Tyranitar,4,Modest,Quick Claw,Crunch,Ice Beam,Thunderbolt,Flamethrower,Sand Stream,255/ 0 / 0 /255/ 0 / 0 ,81,Dark Rock,
0 0 1 3,Tyranitar,5,Adamant,Chesto Berry,Earthquake,Rock Slide,Dragon Dance,Rest,Sand Stream,170/ 0 /170/ 0 /170/ 0 ,81,Dark Rock,
0 0 6 3,Tyranitar,6,Adamant,Chesto Berry,Earthquake,Rock Slide,Curse,Rest,Sand Stream,170/ 0 /170/ 0 /170/ 0 ,81,Dark Rock,
0 0 0 6,Tyranitar,7,Adamant,Quick Claw,Rock Slide,Aerial Ace,Brick Break,Curse,Sand Stream,255/255/ 0 / 0 / 0 / 0 ,81,Dark Rock,
0 2 1 3,Tyranitar,8,Adamant,Lum Berry,Rock Slide,Thunder Wave,Dragon Dance,Rest,Sand Stream,170/ 0 /170/ 0 /170/ 0 ,81,Dark Rock,
0 0 0 2,Tyranitar,9,Hardy,Quick Claw,Crunch,Earthquake,Aerial Ace,Attract,Sand Stream, 0 /255/ 0 /255/ 0 / 0 ,81,Dark Rock,
4 0 0 1,Tyranitar,X,Adamant,Lum Berry,Double-Edge,Earthquake,Rock Slide,Dragon Dance,Sand Stream,170/ 0 /170/ 0 /170/ 0 ,81,Dark Rock,
2 0 1 3,Umbreon,1,Bold,BrightPowder,Confuse Ray,Faint Attack,Double Team,Baton Pass,Synchronize,170/ 0 /170/ 0 /170/ 0 ,85,Dark,
6 5 1 4,Umbreon,2,Adamant,Leftovers,Curse,Screech,Double Team,Double-Edge,Synchronize,170/170/ 0 / 0 /170/ 0 ,85,Dark,
2 1 2 0,Umbreon,3,Bold,BrightPowder,Swagger,Psych Up,Attract,Shadow Ball,Synchronize,170/ 0 /170/ 0 /170/ 0 ,85,Dark,
2 2 0 1,Umbreon,4,Bold,Leftovers,Confuse Ray,Toxic,Faint Attack,Double Team,Synchronize,170/ 0 /170/ 0 /170/ 0 ,85,Dark ,
0 0 0 4,Ursaring,1,Docile,Quick Claw,Mega Kick,Crunch,Aerial Ace,Counter,Guts,170/170/ 0 /170/ 0 / 0 ,75,Normal,
4 0 0 4,Ursaring,2,Adamant,Quick Claw,Double-Edge,Earthquake,Brick Break,Counter,Guts,255/255/ 0 / 0 / 0 / 0 ,75,Normal,
0 0 0 0,Ursaring,3,Modest,Lum Berry,Fire Punch,ThunderPunch,Ice Punch,Crunch,Guts,170/ 0 / 0 /170/ 0 /170,96,Normal,
4 0 0 0,Ursaring,4,Adamant,BrightPowder,Double-Edge,Earthquake,Rock Slide,Aerial Ace,Guts,255/255/ 0 / 0 / 0 / 0 ,75,Normal,
0 0 0 0 ,Ursaring,5,Adamant,Choice Band,Mega Kick,Aerial Ace,Rock Slide,Brick Break,Guts,255/255/ 0 / 0 / 0 / 0 ,75,Normal,
4 2 1 1,Ursaring,6,Adamant,Focus Band,Hyper Beam,Yawn,Swords Dance,Double Team,Guts,255/255/ 0 / 0 / 0 / 0 ,75,Normal,
4 0 0 1,Ursaring,7,Docile,Quick Claw,Facade,Earthquake,Crunch,Bulk Up,Guts,170/170/ 0 /170/ 0 / 0 ,75,Normal,
4 0 0 0,Ursaring,8,Docile,Quick Claw,Facade,Earthquake,Crunch,Brick Break,Guts,170/170/ 0 /170/ 0 / 0 ,75,Normal,
0 0 0 0,Vaporeon,1,Modest,Mystic Water,Surf,Roar,Bite,Quick Attack,Water Absorb, 0 / 0 /170/170/170/ 0 ,85,Water,
0 0 0 0,Vaporeon,2,Docile,Shell Bell,Surf,Ice Beam,Body Slam,Shadow Ball,Water Absorb,170/ 0 /170/ 0 /170/ 0 ,85,Water,
0 0 1 3,Vaporeon,3,Calm,Quick Claw,Surf,Ice Beam,Acid Armor,Baton Pass,Water Absorb,170/ 0 /170/ 0 /170/ 0 ,85,Water,
0 0 1 3,Vaporeon,4,Calm,Lum Berry,Surf,Ice Beam,Acid Armor,Rest,Water Absorb,170/ 0 / 0 /170/170/ 0 ,85,Water,
0 7 3 2,Venusaur,1,Quiet,Chesto Berry,Giga Drain,Sunny Day,Synthesis,Sleep Powder,Overgrow,255/ 0 / 0 /255/ 0 / 0 ,90,Grass Poison,
2 0 1 3,Venusaur,2,Bold,BrightPowder,Leech Seed,Giga Drain,Double Team,Light Screen,Overgrow,170/ 0 /170/ 0 /170/ 0 ,100,Grass Poison,
4 0 0 2,Venusaur,3,Adamant,Scope Lens,Double-Edge,Sludge Bomb,Earthquake,Sleep Powder,Overgrow, 0 /170/170/ 0 /170/ 0 ,100,Grass Poison,
0 0 7 0,Venusaur,4,Docile,Lum Berry,SolarBeam,Sludge Bomb,Sunny Day,Earthquake,Overgrow, 0 /170/ 0 /170/170/ 0 ,100,Grass Poison,
0 2 5 3,Victreebel,1,Quiet,Sitrus Berry,Giga Drain,Sleep Powder,Sweet Scent,Synthesis,Chlorophyll, 0 / 0 /255/ 0 /255/ 0 ,81,Grass Poison,
0 0 2 2,Victreebel,2,Serious,Leftovers,Giga Drain,Sludge Bomb,Sleep Powder,Attract,Chlorophyll, 0 /255/ 0 /255/ 0 / 0 ,90,Grass Poison,
2 3 0 0,Victreebel,3,Quirky,BrightPowder,Stun Spore,Ingrain,Giga Drain,Sludge Bomb,Chlorophyll, 0 /255/ 0 /255/ 0 / 0 ,90,Grass Poison,
0 4 0 3,Victreebel,4,Quirky,BrightPowder,Giga Drain,Double-Edge,Sludge Bomb,Synthesis,Chlorophyll, 0 /255/ 0 /255/ 0 / 0 ,90,Grass Poison,
0 0 3 3,Vileplume,1,Impish,Persim Berry,Sludge Bomb,Petal Dance,Moonlight,Aromatherapy,Chlorophyll,255/255/ 0 / 0 / 0 / 0 ,70,Grass Poison,
3 1 2 0,Vileplume,2,Bold,BrightPowder,Ingrain,Double Team,Toxic,Giga Drain,Chlorophyll,170/ 0 /170/ 0 /170/ 0 ,70,Grass Poison,
2 2 0 0,Vileplume,3,Quirky,Leftovers,Attract,Stun Spore,Sludge Bomb,Giga Drain,Chlorophyll, 0 /255/ 0 /255/ 0 / 0 ,70,Grass Poison,
0 0 7 3,Vileplume,4,Quiet,Quick Claw,SolarBeam,Sludge Bomb,Sunny Day,Synthesis,Chlorophyll, 0 /255/ 0 /255/ 0 / 0 ,63,Grass Poison,
0 0 0 0,Wailord,1,Sassy,Shell Bell,Surf,Icy Wind,Body Slam,Roar,Water Veil / Oblivious,170/ 0 /170/ 0 /170/ 0 ,72,Water,
4 3 6 1,Wailord,2,Adamant,Chesto Berry,Double-Edge,Rest,Curse,Amnesia,Water Veil / Oblivious,170/ 0 /170/ 0 /170/ 0 ,80,Water,
0 4 1 3 ,Wailord,3,Modest,Chesto Berry,Hydro Pump,Fissure,Double Team,Rest,Water Veil / Oblivious,170/ 0 /170/ 0 /170/ 0 ,80,Water,
0 0 0 4,Wailord,4,Hardy,Quick Claw,Surf,Ice Beam,Earthquake,Fissure,Water Veil / Oblivious,170/ 0 /170/ 0 /170/ 0 ,80,Water,
0 7 2 3,Walrein,1,Quiet,Leftovers,Blizzard,Hail,Yawn,Protect,Thick Fat,170/ 0 /170/ 0 /170/ 0 ,76,Ice Water,
0 0 6 1,Walrein,2,Quirky,Focus Band,Earthquake,Ice Beam,Curse,Double Team,Thick Fat,170/ 0 /170/ 0 /170/ 0 ,85,Ice Water,
0 4 0 2,Walrein,3,Hardy,Quick Claw,Sheer Cold,Fissure,Surf,Attract,Thick Fat,170/ 0 /170/ 0 /170/ 0 ,85,Ice Water,
0 0 0 0,Walrein,4,Quiet,BrightPowder,Surf,Ice Beam,Earthquake,Sheer Cold,Thick Fat, 0 /255/ 0 /255/ 0 / 0 ,76,Ice Water,
0 2 0 5,Weezing,1,Adamant,BrightPowder,Sludge Bomb,Will-O-Wisp,Shadow Ball,SmokeScreen,Levitate,255/255/ 0 / 0 / 0 / 0 ,80,Poison,
4 0 4 4,Weezing,2,Adamant,Sitrus Berry,Memento,Sludge Bomb,Facade,Destiny Bond,Levitate,255/255/ 0 / 0 / 0 / 0 ,80,Poison,
4 0 0 0,Weezing,3,Quirky,Focus Band,Explosion,Sludge Bomb,Flamethrower,Thunderbolt,Levitate, 0 /255/ 0 /255/ 0 / 0 ,80,Poison,
4 0 0 0,Weezing,4,Adamant,Focus Band,Explosion,Sludge Bomb,Frustration,Shadow Ball,Levitate,255/255/ 0 / 0 / 0 / 0 ,80,Poison,
0 0 0 3,Golduck,1,Quiet,Shell Bell,Hydro Pump,Dig,Brick Break,Light Screen,Damp / Cloud Nine, 0 /255/ 0 /255/ 0 / 0 ,94,Water,
0 0 0 0 ,Whiscash,2,Hardy,Shell Bell,Surf,Earthquake,Spark,Future Sight,Oblivious, 0 /255/ 0 /255/ 0 / 0 ,80,Ground Water,
0 3 0 4,Whiscash,3,Hardy,Chesto Berry,Sleep Talk,Rest,Surf,Fissure,Oblivious, 0 / 0 /255/ 0 /255/ 0 ,80,Ground Water,
4 0 0 0,Whiscash,4,Quiet,Quick Claw,Fissure,Surf,Earthquake,Ice Beam,Oblivious, 0 /255/ 0 /255/ 0 / 0 ,72,Ground Water,
0 0 3 0,Xatu,1,Hardy,Sharp Beak,Drill Peck,Night Shade,Wish,Future Sight,Synchronize / Early Bird,170/170/ 0 /170/ 0 / 0 ,115,Flying Psychic,
0 2 2 2,Xatu,2,Impish,Leftovers,Fly,Toxic,Confuse Ray,Attract,Synchronize / Early Bird,170/ 0 /170/ 0 /170/ 0 ,115,Flying Psychic,
0 0 0 0,Xatu,3,Jolly,King's Rock,Drill Peck,Psychic,Giga Drain,Steel Wing,Synchronize / Early Bird, 0 /170/ 0 /170/ 0 /170,150,Flying Psychic,
0 0 0 2,Xatu,4,Docile,Petaya Berry,Psychic,Drill Peck,Shadow Ball,Confuse Ray,Synchronize / Early Bird, 0 /255/ 0 /255/ 0 / 0 ,115,Flying Psychic,
0 0 2 0,Zapdos,1,Docile,Lum Berry,Thunderbolt,Drill Peck,Thunder Wave,Roar,Pressure, 0 / 0 / 0 /255/ 0 /255,152,Electric Flying,
0 7 0 1,Zapdos,2,Docile,BrightPowder,Thunder,Rain Dance,Drill Peck,Double Team,Pressure, 0 /255/ 0 / 0 / 0 /255,152,Electric Flying,
0 0 2 6,Zapdos,3,Docile,Leftovers,Thunderbolt,Drill Peck,Thunder Wave,Substitute,Pressure, 0 /170/ 0 /170/ 0 /170,141,Electric Flying,
0 0 2 3,Zapdos,4,Docile,Shell Bell,Thunderbolt,Drill Peck,Thunder Wave,Light Screen,Pressure, 0 /255/ 0 /255/ 0 / 0 ,120,Electric Flying,
0 0 4 2,Zapdos,5,Docile,Scope Lens,Thunderbolt,Drill Peck,Double-Edge,Thunder Wave,Pressure, 0 /255/ 0 /255/ 0 / 0 ,120,Electric Flying,
0 0 7 4,Zapdos,6,Docile,Lum Berry,Thunder,Drill Peck,Rain Dance,Double-Edge,Pressure, 0 /170/ 0 /170/ 0 /170,141,Electric Flying,